Starting a Gradle Daemon, 9 stopped Daemons could not be reused, use --status for details
Calculating task graph as no cached configuration is available for tasks: updateDebugScreenshotTest --rerun

> Configure project :designsystem
WARNING: The option setting 'android.experimental.enableScreenshotTest=true' is experimental.
The current default is 'false'.
Add android.sync.suppressAgpWarnings=UNSUPPORTED_PROJECT_OPTION_USE to the gradle.properties file to suppress this warning.

> Task :feature-billing:generateDebugScreenshotTestAssets UP-TO-DATE
> Task :feature-account:preBuild UP-TO-DATE
> Task :feature-alerts:generateDebugAssets UP-TO-DATE
> Task :feature-activity:generateDebugAssets UP-TO-DATE
> Task :feature-activity:preBuild UP-TO-DATE
> Task :feature-activity:generateDebugScreenshotTestAssets UP-TO-DATE
> Task :designsystem:generateDebugScreenshotTestAssets UP-TO-DATE
> Task :feature-account:generateDebugScreenshotTestAssets UP-TO-DATE
> Task :designsystem:generateDebugAssets UP-TO-DATE
> Task :feature-billing:preBuild UP-TO-DATE
> Task :feature-alerts:generateDebugScreenshotTestAssets UP-TO-DATE
> Task :designsystem:preBuild UP-TO-DATE
> Task :feature-alerts:preBuild UP-TO-DATE
> Task :feature-billing:generateDebugAssets UP-TO-DATE
> Task :feature-account:generateDebugAssets UP-TO-DATE
> Task :feature-account:preDebugBuild UP-TO-DATE
> Task :designsystem:preDebugScreenshotTestBuild UP-TO-DATE
> Task :feature-activity:preDebugScreenshotTestBuild UP-TO-DATE
> Task :designsystem:preDebugBuild UP-TO-DATE
> Task :feature-calendar:generateDebugScreenshotTestAssets UP-TO-DATE
> Task :feature-account:preDebugScreenshotTestBuild UP-TO-DATE
> Task :designsystem:extractDeepLinksDebug UP-TO-DATE
> Task :designsystem:generateDebugScreenshotTestResources UP-TO-DATE
> Task :feature-account:generateDebugResources UP-TO-DATE
> Task :designsystem:javaPreCompileDebug UP-TO-DATE
> Task :designsystem:mapDebugScreenshotTestSourceSetPaths UP-TO-DATE
> Task :designsystem:processDebugNavigationResources UP-TO-DATE
> Task :feature-account:javaPreCompileDebug UP-TO-DATE
> Task :designsystem:generateDebugResources UP-TO-DATE
> Task :designsystem:mapDebugSourceSetPaths UP-TO-DATE
> Task :feature-account:writeDebugAarMetadata UP-TO-DATE
> Task :feature-account:processDebugNavigationResources UP-TO-DATE
> Task :designsystem:writeDebugAarMetadata UP-TO-DATE
> Task :designsystem:processDebugManifest UP-TO-DATE
> Task :feature-activity:preDebugBuild UP-TO-DATE
> Task :feature-account:mapDebugSourceSetPaths UP-TO-DATE
> Task :feature-account:mapDebugScreenshotTestSourceSetPaths UP-TO-DATE
> Task :feature-account:extractDeepLinksDebug UP-TO-DATE
> Task :feature-account:generateDebugScreenshotTestResources UP-TO-DATE
> Task :feature-account:processDebugManifest UP-TO-DATE
> Task :feature-activity:processDebugNavigationResources UP-TO-DATE
> Task :feature-activity:generateDebugResources UP-TO-DATE
> Task :feature-activity:writeDebugAarMetadata UP-TO-DATE
> Task :feature-activity:javaPreCompileDebug UP-TO-DATE
> Task :feature-activity:mapDebugSourceSetPaths UP-TO-DATE
> Task :feature-activity:mapDebugScreenshotTestSourceSetPaths UP-TO-DATE
> Task :feature-activity:generateDebugScreenshotTestResources UP-TO-DATE
> Task :feature-activity:extractDeepLinksDebug UP-TO-DATE
> Task :feature-activity:processDebugManifest UP-TO-DATE
> Task :feature-account:packageDebugResources UP-TO-DATE
> Task :designsystem:packageDebugResources UP-TO-DATE
> Task :feature-activity:packageDebugResources UP-TO-DATE
> Task :designsystem:compileDebugLibraryResources UP-TO-DATE
> Task :designsystem:parseDebugLocalResources UP-TO-DATE
> Task :feature-account:parseDebugLocalResources UP-TO-DATE
> Task :designsystem:generateDebugRFile UP-TO-DATE
> Task :feature-account:generateDebugRFile UP-TO-DATE
> Task :feature-account:compileDebugLibraryResources UP-TO-DATE
> Task :designsystem:javaPreCompileDebugScreenshotTest
> Task :feature-account:javaPreCompileDebugScreenshotTest
> Task :feature-activity:javaPreCompileDebugScreenshotTest
> Task :feature-account:mergeDebugAssets
> Task :feature-activity:mergeDebugAssets
> Task :designsystem:mergeDebugAssets
> Task :feature-alerts:preDebugBuild UP-TO-DATE
> Task :feature-activity:compileDebugLibraryResources UP-TO-DATE
> Task :feature-activity:parseDebugLocalResources UP-TO-DATE
> Task :feature-activity:generateDebugRFile UP-TO-DATE
> Task :feature-alerts:generateDebugResources UP-TO-DATE
> Task :feature-alerts:processDebugNavigationResources UP-TO-DATE
> Task :feature-alerts:javaPreCompileDebug UP-TO-DATE
> Task :feature-alerts:preDebugScreenshotTestBuild UP-TO-DATE
> Task :feature-alerts:packageDebugResources UP-TO-DATE
> Task :feature-alerts:writeDebugAarMetadata UP-TO-DATE
> Task :feature-alerts:parseDebugLocalResources UP-TO-DATE
> Task :feature-alerts:generateDebugRFile UP-TO-DATE
> Task :feature-alerts:mapDebugSourceSetPaths UP-TO-DATE
> Task :feature-alerts:compileDebugLibraryResources UP-TO-DATE
> Task :feature-alerts:mapDebugScreenshotTestSourceSetPaths UP-TO-DATE
> Task :feature-alerts:generateDebugScreenshotTestResources UP-TO-DATE
> Task :designsystem:compileDebugKotlin UP-TO-DATE
> Task :designsystem:compileDebugJavaWithJavac NO-SOURCE
> Task :designsystem:bundleLibCompileToJarDebug UP-TO-DATE
> Task :designsystem:bundleLibRuntimeToJarDebug
> Task :feature-account:compileDebugKotlin UP-TO-DATE
> Task :feature-account:compileDebugJavaWithJavac NO-SOURCE
> Task :feature-account:bundleLibCompileToJarDebug UP-TO-DATE
> Task :feature-account:bundleLibRuntimeToJarDebug
> Task :feature-activity:compileDebugKotlin UP-TO-DATE
> Task :feature-activity:compileDebugJavaWithJavac NO-SOURCE
> Task :feature-activity:bundleLibCompileToJarDebug UP-TO-DATE
> Task :feature-alerts:mergeDebugScreenshotTestResources UP-TO-DATE
> Task :feature-alerts:checkDebugScreenshotTestAarMetadata UP-TO-DATE
> Task :feature-activity:bundleLibRuntimeToJarDebug
> Task :feature-account:checkDebugScreenshotTestAarMetadata UP-TO-DATE
> Task :designsystem:checkDebugScreenshotTestAarMetadata UP-TO-DATE
> Task :feature-activity:checkDebugScreenshotTestAarMetadata UP-TO-DATE
> Task :feature-account:mergeDebugScreenshotTestResources UP-TO-DATE
> Task :feature-activity:mergeDebugScreenshotTestResources UP-TO-DATE
> Task :feature-alerts:extractDeepLinksDebug UP-TO-DATE
> Task :designsystem:mergeDebugScreenshotTestResources UP-TO-DATE
> Task :feature-billing:preDebugBuild UP-TO-DATE
> Task :feature-billing:preDebugScreenshotTestBuild UP-TO-DATE
> Task :designsystem:mergeDebugScreenshotTestAssets
> Task :feature-account:mergeDebugScreenshotTestAssets
> Task :feature-calendar:preBuild UP-TO-DATE
> Task :feature-activity:mergeDebugScreenshotTestAssets
> Task :feature-alerts:javaPreCompileDebugScreenshotTest
> Task :feature-billing:generateDebugScreenshotTestResources UP-TO-DATE
> Task :feature-billing:javaPreCompileDebug UP-TO-DATE
> Task :feature-billing:processDebugNavigationResources UP-TO-DATE
> Task :feature-billing:mapDebugSourceSetPaths UP-TO-DATE
> Task :feature-billing:generateDebugResources UP-TO-DATE
> Task :feature-billing:writeDebugAarMetadata UP-TO-DATE
> Task :feature-billing:mapDebugScreenshotTestSourceSetPaths UP-TO-DATE
> Task :feature-alerts:processDebugManifest UP-TO-DATE
> Task :feature-calendar:preDebugBuild UP-TO-DATE
> Task :feature-calendar:preDebugScreenshotTestBuild UP-TO-DATE
> Task :feature-billing:extractDeepLinksDebug UP-TO-DATE
> Task :feature-billing:javaPreCompileDebugScreenshotTest
> Task :feature-alerts:mergeDebugAssets
> Task :feature-calendar:javaPreCompileDebug UP-TO-DATE
> Task :feature-calendar:generateDebugResources UP-TO-DATE
> Task :feature-calendar:writeDebugAarMetadata UP-TO-DATE
> Task :feature-calendar:processDebugNavigationResources UP-TO-DATE
> Task :feature-calendar:mapDebugSourceSetPaths UP-TO-DATE
> Task :feature-billing:processDebugManifest UP-TO-DATE
> Task :feature-calendar:mapDebugScreenshotTestSourceSetPaths UP-TO-DATE
> Task :feature-billing:mergeDebugAssets
> Task :feature-calendar:generateDebugScreenshotTestResources UP-TO-DATE
> Task :feature-calendar:extractDeepLinksDebug UP-TO-DATE
> Task :feature-calendar:generateDebugAssets UP-TO-DATE
> Task :feature-billing:packageDebugResources UP-TO-DATE
> Task :feature-calendar:processDebugManifest UP-TO-DATE
> Task :feature-billing:parseDebugLocalResources UP-TO-DATE
> Task :feature-calendar:packageDebugResources UP-TO-DATE
> Task :feature-billing:compileDebugLibraryResources UP-TO-DATE
> Task :feature-calendar:javaPreCompileDebugScreenshotTest
> Task :feature-billing:generateDebugRFile UP-TO-DATE
> Task :feature-billing:checkDebugScreenshotTestAarMetadata UP-TO-DATE
> Task :feature-calendar:parseDebugLocalResources UP-TO-DATE
> Task :feature-calendar:compileDebugLibraryResources UP-TO-DATE
> Task :feature-calendar:mergeDebugAssets
> Task :feature-calendar:generateDebugRFile UP-TO-DATE
> Task :feature-calendar:checkDebugScreenshotTestAarMetadata UP-TO-DATE
> Task :feature-catalog:preBuild UP-TO-DATE
> Task :feature-catalog:preDebugBuild UP-TO-DATE
> Task :feature-catalog:generateDebugResources UP-TO-DATE
> Task :feature-alerts:mergeDebugScreenshotTestAssets
> Task :feature-catalog:processDebugNavigationResources UP-TO-DATE
> Task :feature-alerts:compileDebugKotlin UP-TO-DATE
> Task :feature-catalog:javaPreCompileDebug UP-TO-DATE
> Task :feature-catalog:preDebugScreenshotTestBuild UP-TO-DATE
> Task :feature-alerts:compileDebugJavaWithJavac NO-SOURCE
> Task :feature-catalog:packageDebugResources UP-TO-DATE
> Task :feature-catalog:writeDebugAarMetadata UP-TO-DATE
> Task :feature-alerts:bundleLibCompileToJarDebug UP-TO-DATE
> Task :feature-catalog:parseDebugLocalResources UP-TO-DATE
> Task :feature-catalog:generateDebugRFile UP-TO-DATE
> Task :feature-billing:mergeDebugScreenshotTestAssets
> Task :feature-catalog:checkDebugScreenshotTestAarMetadata UP-TO-DATE
> Task :feature-catalog:mapDebugSourceSetPaths UP-TO-DATE
> Task :feature-catalog:mapDebugScreenshotTestSourceSetPaths UP-TO-DATE
> Task :feature-catalog:compileDebugLibraryResources UP-TO-DATE
> Task :feature-catalog:generateDebugScreenshotTestResources UP-TO-DATE
> Task :feature-billing:compileDebugKotlin UP-TO-DATE
> Task :feature-catalog:extractDeepLinksDebug UP-TO-DATE
> Task :feature-calendar:compileDebugKotlin UP-TO-DATE
> Task :feature-alerts:bundleLibRuntimeToJarDebug
> Task :feature-calendar:compileDebugJavaWithJavac NO-SOURCE
> Task :feature-billing:compileDebugJavaWithJavac NO-SOURCE
> Task :feature-billing:bundleLibCompileToJarDebug UP-TO-DATE
> Task :feature-calendar:bundleLibCompileToJarDebug UP-TO-DATE
> Task :feature-calendar:mergeDebugScreenshotTestAssets
> Task :feature-catalog:generateDebugScreenshotTestAssets UP-TO-DATE
> Task :feature-catalog:generateDebugAssets UP-TO-DATE
> Task :feature-catalog:processDebugManifest UP-TO-DATE
> Task :feature-catalog:javaPreCompileDebugScreenshotTest
> Task :feature-checkout:preBuild UP-TO-DATE
> Task :feature-checkout:preDebugBuild UP-TO-DATE
> Task :feature-catalog:compileDebugKotlin UP-TO-DATE
> Task :feature-catalog:mergeDebugAssets
> Task :feature-checkout:generateDebugResources UP-TO-DATE
> Task :feature-account:mergeDebugScreenshotTestManifest UP-TO-DATE
> Task :feature-calendar:mergeDebugScreenshotTestManifest UP-TO-DATE
> Task :feature-billing:mergeDebugScreenshotTestManifest UP-TO-DATE
> Task :designsystem:mergeDebugScreenshotTestManifest UP-TO-DATE
> Task :feature-alerts:mergeDebugScreenshotTestManifest UP-TO-DATE
> Task :feature-activity:mergeDebugScreenshotTestManifest UP-TO-DATE
> Task :feature-catalog:compileDebugJavaWithJavac NO-SOURCE
> Task :feature-billing:mergeDebugScreenshotTestResources UP-TO-DATE
> Task :feature-account:processDebugScreenshotTestManifest UP-TO-DATE
> Task :feature-calendar:processDebugScreenshotTestManifest UP-TO-DATE
> Task :feature-billing:processDebugScreenshotTestManifest UP-TO-DATE
> Task :feature-catalog:bundleLibCompileToJarDebug UP-TO-DATE
> Task :feature-alerts:processDebugScreenshotTestManifest UP-TO-DATE
> Task :feature-activity:processDebugScreenshotTestManifest UP-TO-DATE
> Task :designsystem:processDebugScreenshotTestManifest UP-TO-DATE
> Task :feature-calendar:bundleLibRuntimeToJarDebug
> Task :feature-billing:bundleLibRuntimeToJarDebug
> Task :feature-checkout:processDebugNavigationResources UP-TO-DATE
> Task :feature-calendar:mergeDebugScreenshotTestResources UP-TO-DATE
> Task :feature-checkout:packageDebugResources UP-TO-DATE
> Task :feature-checkout:preDebugScreenshotTestBuild UP-TO-DATE
> Task :feature-checkout:javaPreCompileDebug UP-TO-DATE
> Task :feature-checkout:parseDebugLocalResources UP-TO-DATE
> Task :feature-checkout:writeDebugAarMetadata UP-TO-DATE
> Task :feature-checkout:mapDebugSourceSetPaths UP-TO-DATE
> Task :feature-checkout:mapDebugScreenshotTestSourceSetPaths UP-TO-DATE
> Task :feature-checkout:compileDebugLibraryResources UP-TO-DATE
> Task :feature-checkout:generateDebugRFile UP-TO-DATE
> Task :feature-checkout:generateDebugScreenshotTestResources UP-TO-DATE
> Task :feature-checkout:extractDeepLinksDebug UP-TO-DATE
> Task :feature-catalog:bundleLibRuntimeToJarDebug
> Task :feature-catalog:mergeDebugScreenshotTestAssets
> Task :feature-checkout:generateDebugScreenshotTestAssets UP-TO-DATE
> Task :feature-checkout:generateDebugAssets UP-TO-DATE
> Task :feature-catalog:mergeDebugScreenshotTestManifest UP-TO-DATE
> Task :feature-catalog:processDebugScreenshotTestManifest UP-TO-DATE
> Task :feature-checkout:processDebugManifest UP-TO-DATE
> Task :feature-devices:preBuild UP-TO-DATE
> Task :feature-checkout:javaPreCompileDebugScreenshotTest
> Task :feature-checkout:checkDebugScreenshotTestAarMetadata UP-TO-DATE
> Task :feature-devices:preDebugBuild UP-TO-DATE
> Task :feature-devices:preDebugScreenshotTestBuild UP-TO-DATE
> Task :feature-devices:generateDebugResources UP-TO-DATE
> Task :feature-checkout:mergeDebugAssets
> Task :feature-devices:processDebugNavigationResources UP-TO-DATE
> Task :feature-devices:javaPreCompileDebug UP-TO-DATE
> Task :feature-devices:writeDebugAarMetadata UP-TO-DATE
> Task :feature-devices:mapDebugSourceSetPaths UP-TO-DATE
> Task :feature-devices:mapDebugScreenshotTestSourceSetPaths UP-TO-DATE
> Task :feature-devices:generateDebugScreenshotTestResources UP-TO-DATE
> Task :feature-devices:processDebugManifest UP-TO-DATE
> Task :feature-devices:generateDebugScreenshotTestAssets UP-TO-DATE
> Task :feature-devices:generateDebugAssets UP-TO-DATE
> Task :feature-devices:javaPreCompileDebugScreenshotTest
> Task :feature-discover:preBuild UP-TO-DATE
> Task :feature-discover:preDebugBuild UP-TO-DATE
> Task :feature-discover:generateDebugResources UP-TO-DATE
> Task :feature-discover:processDebugNavigationResources UP-TO-DATE
> Task :feature-devices:mergeDebugAssets
> Task :feature-devices:extractDeepLinksDebug UP-TO-DATE
> Task :feature-discover:javaPreCompileDebug UP-TO-DATE
> Task :feature-devices:checkDebugScreenshotTestAarMetadata UP-TO-DATE
> Task :feature-discover:preDebugScreenshotTestBuild UP-TO-DATE
> Task :feature-discover:writeDebugAarMetadata UP-TO-DATE
> Task :feature-discover:mapDebugSourceSetPaths UP-TO-DATE
> Task :feature-checkout:mergeDebugScreenshotTestAssets
> Task :feature-discover:mapDebugScreenshotTestSourceSetPaths UP-TO-DATE
> Task :feature-discover:extractDeepLinksDebug UP-TO-DATE
> Task :feature-checkout:mergeDebugScreenshotTestManifest UP-TO-DATE
> Task :feature-discover:processDebugManifest UP-TO-DATE
> Task :feature-checkout:processDebugScreenshotTestManifest UP-TO-DATE
> Task :feature-catalog:mergeDebugScreenshotTestResources UP-TO-DATE
> Task :feature-discover:javaPreCompileDebugScreenshotTest
> Task :feature-devices:mergeDebugScreenshotTestAssets
> Task :feature-discover:generateDebugScreenshotTestAssets UP-TO-DATE
> Task :feature-discover:generateDebugAssets UP-TO-DATE
> Task :feature-finance:preBuild UP-TO-DATE
> Task :feature-discover:checkDebugScreenshotTestAarMetadata UP-TO-DATE
> Task :feature-finance:preDebugBuild UP-TO-DATE
> Task :feature-checkout:compileDebugKotlin UP-TO-DATE
> Task :feature-finance:generateDebugResources UP-TO-DATE
> Task :feature-finance:javaPreCompileDebug UP-TO-DATE
> Task :feature-checkout:compileDebugJavaWithJavac NO-SOURCE
> Task :feature-finance:preDebugScreenshotTestBuild UP-TO-DATE
> Task :feature-checkout:bundleLibCompileToJarDebug UP-TO-DATE
> Task :feature-discover:generateDebugScreenshotTestResources UP-TO-DATE
> Task :feature-discover:mergeDebugAssets
> Task :feature-finance:processDebugNavigationResources UP-TO-DATE
> Task :feature-finance:writeDebugAarMetadata UP-TO-DATE
> Task :feature-finance:mapDebugSourceSetPaths UP-TO-DATE
> Task :feature-devices:mergeDebugScreenshotTestManifest UP-TO-DATE
> Task :feature-finance:mapDebugScreenshotTestSourceSetPaths UP-TO-DATE
> Task :feature-finance:generateDebugScreenshotTestResources UP-TO-DATE
> Task :feature-devices:processDebugScreenshotTestManifest UP-TO-DATE
> Task :feature-finance:extractDeepLinksDebug UP-TO-DATE
> Task :feature-finance:generateDebugScreenshotTestAssets UP-TO-DATE
> Task :feature-finance:generateDebugAssets UP-TO-DATE
> Task :feature-finance:processDebugManifest UP-TO-DATE
> Task :feature-finance:javaPreCompileDebugScreenshotTest
> Task :feature-fitness:preBuild UP-TO-DATE
> Task :feature-fitness:preDebugBuild UP-TO-DATE
> Task :feature-finance:mergeDebugAssets
> Task :feature-discover:mergeDebugScreenshotTestManifest UP-TO-DATE
> Task :feature-fitness:generateDebugResources UP-TO-DATE
> Task :feature-fitness:processDebugNavigationResources UP-TO-DATE
> Task :feature-discover:processDebugScreenshotTestManifest UP-TO-DATE
> Task :feature-finance:checkDebugScreenshotTestAarMetadata UP-TO-DATE
> Task :feature-checkout:bundleLibRuntimeToJarDebug
> Task :feature-fitness:preDebugScreenshotTestBuild UP-TO-DATE
> Task :feature-fitness:javaPreCompileDebug UP-TO-DATE
> Task :feature-fitness:writeDebugAarMetadata UP-TO-DATE
> Task :feature-discover:mergeDebugScreenshotTestAssets
> Task :feature-fitness:mapDebugSourceSetPaths UP-TO-DATE
> Task :feature-fitness:mapDebugScreenshotTestSourceSetPaths UP-TO-DATE
> Task :feature-fitness:extractDeepLinksDebug UP-TO-DATE
> Task :feature-fitness:generateDebugScreenshotTestResources UP-TO-DATE
> Task :feature-fitness:generateDebugScreenshotTestAssets UP-TO-DATE
> Task :feature-fitness:generateDebugAssets UP-TO-DATE
> Task :feature-gallery:preBuild UP-TO-DATE
> Task :feature-gallery:preDebugBuild UP-TO-DATE
> Task :feature-fitness:processDebugManifest UP-TO-DATE
> Task :feature-gallery:generateDebugResources UP-TO-DATE
> Task :feature-fitness:javaPreCompileDebugScreenshotTest
> Task :feature-gallery:processDebugNavigationResources UP-TO-DATE
> Task :feature-gallery:javaPreCompileDebug UP-TO-DATE
> Task :feature-checkout:mergeDebugScreenshotTestResources UP-TO-DATE
> Task :feature-gallery:preDebugScreenshotTestBuild UP-TO-DATE
> Task :feature-fitness:mergeDebugAssets
> Task :feature-gallery:writeDebugAarMetadata UP-TO-DATE
> Task :feature-gallery:mapDebugSourceSetPaths UP-TO-DATE
> Task :feature-gallery:mapDebugScreenshotTestSourceSetPaths UP-TO-DATE
> Task :feature-finance:mergeDebugScreenshotTestAssets
> Task :feature-devices:packageDebugResources UP-TO-DATE
> Task :feature-gallery:generateDebugScreenshotTestResources UP-TO-DATE
> Task :feature-gallery:extractDeepLinksDebug UP-TO-DATE
> Task :feature-fitness:checkDebugScreenshotTestAarMetadata UP-TO-DATE
> Task :feature-devices:parseDebugLocalResources UP-TO-DATE
> Task :feature-gallery:processDebugManifest UP-TO-DATE
> Task :feature-devices:generateDebugRFile UP-TO-DATE
> Task :feature-finance:mergeDebugScreenshotTestManifest UP-TO-DATE
> Task :feature-gallery:javaPreCompileDebugScreenshotTest
> Task :feature-gallery:generateDebugScreenshotTestAssets UP-TO-DATE
> Task :feature-gallery:generateDebugAssets UP-TO-DATE
> Task :feature-finance:processDebugScreenshotTestManifest UP-TO-DATE
> Task :feature-inbox:preBuild UP-TO-DATE
> Task :feature-inbox:preDebugBuild UP-TO-DATE
> Task :feature-inbox:generateDebugResources UP-TO-DATE
> Task :feature-gallery:checkDebugScreenshotTestAarMetadata UP-TO-DATE
> Task :feature-inbox:processDebugNavigationResources UP-TO-DATE
> Task :feature-gallery:mergeDebugAssets
> Task :feature-inbox:preDebugScreenshotTestBuild UP-TO-DATE
> Task :feature-inbox:javaPreCompileDebug UP-TO-DATE
> Task :feature-inbox:writeDebugAarMetadata UP-TO-DATE
> Task :feature-inbox:mapDebugSourceSetPaths UP-TO-DATE
> Task :feature-inbox:mapDebugScreenshotTestSourceSetPaths UP-TO-DATE
> Task :feature-fitness:mergeDebugScreenshotTestManifest UP-TO-DATE
> Task :feature-fitness:processDebugScreenshotTestManifest UP-TO-DATE
> Task :feature-inbox:generateDebugScreenshotTestResources UP-TO-DATE
> Task :feature-inbox:extractDeepLinksDebug UP-TO-DATE
> Task :feature-inbox:processDebugManifest UP-TO-DATE
> Task :feature-inbox:javaPreCompileDebugScreenshotTest
> Task :feature-inbox:generateDebugScreenshotTestAssets UP-TO-DATE
> Task :feature-inbox:generateDebugAssets UP-TO-DATE
> Task :feature-inbox:checkDebugScreenshotTestAarMetadata UP-TO-DATE
> Task :feature-library:preBuild UP-TO-DATE
> Task :feature-library:preDebugBuild UP-TO-DATE
> Task :feature-gallery:mergeDebugScreenshotTestManifest UP-TO-DATE
> Task :feature-library:generateDebugResources UP-TO-DATE
> Task :feature-gallery:mergeDebugScreenshotTestAssets
> Task :feature-gallery:processDebugScreenshotTestManifest UP-TO-DATE
> Task :feature-library:preDebugScreenshotTestBuild UP-TO-DATE
> Task :feature-inbox:mergeDebugAssets
> Task :feature-fitness:mergeDebugScreenshotTestAssets
> Task :feature-library:processDebugNavigationResources UP-TO-DATE
> Task :feature-library:javaPreCompileDebug UP-TO-DATE
> Task :feature-library:writeDebugAarMetadata UP-TO-DATE
> Task :feature-library:mapDebugSourceSetPaths UP-TO-DATE
> Task :feature-library:mapDebugScreenshotTestSourceSetPaths UP-TO-DATE
> Task :feature-library:generateDebugScreenshotTestResources UP-TO-DATE
> Task :feature-library:extractDeepLinksDebug UP-TO-DATE
> Task :feature-library:generateDebugScreenshotTestAssets UP-TO-DATE
> Task :feature-library:generateDebugAssets UP-TO-DATE
> Task :feature-library:processDebugManifest UP-TO-DATE
> Task :feature-library:javaPreCompileDebugScreenshotTest
> Task :feature-media:preBuild UP-TO-DATE
> Task :feature-media:preDebugBuild UP-TO-DATE
> Task :feature-library:mergeDebugAssets
> Task :feature-devices:compileDebugKotlin UP-TO-DATE
> Task :feature-media:generateDebugResources UP-TO-DATE
> Task :feature-devices:compileDebugJavaWithJavac NO-SOURCE
> Task :feature-media:processDebugNavigationResources UP-TO-DATE
> Task :feature-devices:bundleLibCompileToJarDebug UP-TO-DATE
> Task :feature-inbox:mergeDebugScreenshotTestManifest UP-TO-DATE
> Task :feature-library:checkDebugScreenshotTestAarMetadata UP-TO-DATE
> Task :feature-media:javaPreCompileDebug UP-TO-DATE
> Task :feature-media:preDebugScreenshotTestBuild UP-TO-DATE
> Task :feature-inbox:processDebugScreenshotTestManifest UP-TO-DATE
> Task :feature-media:mapDebugSourceSetPaths UP-TO-DATE
> Task :feature-media:mapDebugScreenshotTestSourceSetPaths UP-TO-DATE
> Task :feature-media:writeDebugAarMetadata UP-TO-DATE
> Task :feature-inbox:mergeDebugScreenshotTestAssets
> Task :feature-media:generateDebugScreenshotTestResources UP-TO-DATE
> Task :feature-media:extractDeepLinksDebug UP-TO-DATE
> Task :feature-media:generateDebugScreenshotTestAssets UP-TO-DATE
> Task :feature-media:generateDebugAssets UP-TO-DATE
> Task :feature-library:mergeDebugScreenshotTestAssets
> Task :feature-library:mergeDebugScreenshotTestManifest UP-TO-DATE
> Task :feature-messages:preBuild UP-TO-DATE
> Task :feature-messages:preDebugBuild UP-TO-DATE
> Task :feature-library:processDebugScreenshotTestManifest UP-TO-DATE
> Task :feature-media:processDebugManifest UP-TO-DATE
> Task :feature-messages:generateDebugResources UP-TO-DATE
> Task :feature-devices:bundleLibRuntimeToJarDebug
> Task :feature-messages:processDebugNavigationResources UP-TO-DATE
> Task :feature-media:javaPreCompileDebugScreenshotTest
> Task :feature-messages:preDebugScreenshotTestBuild UP-TO-DATE
> Task :feature-messages:javaPreCompileDebug UP-TO-DATE
> Task :feature-messages:writeDebugAarMetadata UP-TO-DATE
> Task :feature-messages:mapDebugSourceSetPaths UP-TO-DATE
> Task :feature-messages:mapDebugScreenshotTestSourceSetPaths UP-TO-DATE
> Task :feature-media:mergeDebugAssets
> Task :feature-media:checkDebugScreenshotTestAarMetadata UP-TO-DATE
> Task :feature-messages:extractDeepLinksDebug UP-TO-DATE
> Task :feature-messages:generateDebugScreenshotTestResources UP-TO-DATE
> Task :feature-messages:generateDebugScreenshotTestAssets UP-TO-DATE
> Task :feature-messages:generateDebugAssets UP-TO-DATE
> Task :feature-notes:preBuild UP-TO-DATE
> Task :feature-notes:preDebugBuild UP-TO-DATE
> Task :feature-messages:processDebugManifest UP-TO-DATE
> Task :feature-messages:javaPreCompileDebugScreenshotTest
> Task :feature-notes:generateDebugResources UP-TO-DATE
> Task :feature-notes:processDebugNavigationResources UP-TO-DATE
> Task :feature-notes:preDebugScreenshotTestBuild UP-TO-DATE
> Task :feature-notes:javaPreCompileDebug UP-TO-DATE
> Task :feature-notes:writeDebugAarMetadata UP-TO-DATE
> Task :feature-messages:checkDebugScreenshotTestAarMetadata UP-TO-DATE
> Task :feature-notes:mapDebugSourceSetPaths UP-TO-DATE
> Task :feature-messages:mergeDebugAssets
> Task :feature-notes:mapDebugScreenshotTestSourceSetPaths UP-TO-DATE
> Task :feature-notes:extractDeepLinksDebug UP-TO-DATE
> Task :feature-notes:generateDebugScreenshotTestResources UP-TO-DATE
> Task :feature-notes:processDebugManifest UP-TO-DATE
> Task :feature-media:mergeDebugScreenshotTestAssets
> Task :feature-notes:generateDebugScreenshotTestAssets UP-TO-DATE
> Task :feature-notes:generateDebugAssets UP-TO-DATE
> Task :feature-notes:javaPreCompileDebugScreenshotTest
> Task :feature-onboarding:preBuild UP-TO-DATE
> Task :feature-onboarding:preDebugBuild UP-TO-DATE
> Task :feature-onboarding:generateDebugResources UP-TO-DATE
> Task :feature-notes:checkDebugScreenshotTestAarMetadata UP-TO-DATE
> Task :feature-onboarding:processDebugNavigationResources UP-TO-DATE
> Task :feature-onboarding:preDebugScreenshotTestBuild UP-TO-DATE
> Task :feature-notes:mergeDebugAssets
> Task :feature-onboarding:javaPreCompileDebug UP-TO-DATE
> Task :feature-media:mergeDebugScreenshotTestManifest UP-TO-DATE
> Task :feature-onboarding:writeDebugAarMetadata UP-TO-DATE
> Task :feature-onboarding:mapDebugSourceSetPaths UP-TO-DATE
> Task :feature-messages:mergeDebugScreenshotTestAssets
> Task :feature-messages:mergeDebugScreenshotTestManifest UP-TO-DATE
> Task :feature-media:processDebugScreenshotTestManifest UP-TO-DATE
> Task :feature-onboarding:mapDebugScreenshotTestSourceSetPaths UP-TO-DATE
> Task :feature-onboarding:generateDebugScreenshotTestResources UP-TO-DATE
> Task :feature-onboarding:extractDeepLinksDebug UP-TO-DATE
> Task :feature-onboarding:generateDebugScreenshotTestAssets UP-TO-DATE
> Task :feature-onboarding:generateDebugAssets UP-TO-DATE
> Task :feature-messages:processDebugScreenshotTestManifest UP-TO-DATE
> Task :feature-orders:preBuild UP-TO-DATE
> Task :feature-orders:preDebugBuild UP-TO-DATE
> Task :feature-onboarding:processDebugManifest UP-TO-DATE
> Task :feature-onboarding:javaPreCompileDebugScreenshotTest
> Task :feature-orders:generateDebugResources UP-TO-DATE
> Task :feature-orders:processDebugNavigationResources UP-TO-DATE
> Task :feature-orders:javaPreCompileDebug UP-TO-DATE
> Task :feature-orders:preDebugScreenshotTestBuild UP-TO-DATE
> Task :feature-onboarding:mergeDebugAssets
> Task :feature-orders:writeDebugAarMetadata UP-TO-DATE
> Task :feature-orders:mapDebugSourceSetPaths UP-TO-DATE
> Task :feature-orders:mapDebugScreenshotTestSourceSetPaths UP-TO-DATE
> Task :feature-onboarding:checkDebugScreenshotTestAarMetadata UP-TO-DATE
> Task :feature-orders:generateDebugScreenshotTestResources UP-TO-DATE
> Task :feature-orders:extractDeepLinksDebug UP-TO-DATE
> Task :feature-notes:mergeDebugScreenshotTestAssets
> Task :feature-orders:generateDebugScreenshotTestAssets UP-TO-DATE
> Task :feature-orders:generateDebugAssets UP-TO-DATE
> Task :feature-notes:mergeDebugScreenshotTestManifest UP-TO-DATE
> Task :feature-orders:javaPreCompileDebugScreenshotTest
> Task :feature-profile:preBuild UP-TO-DATE
> Task :feature-orders:processDebugManifest UP-TO-DATE
> Task :feature-profile:preDebugBuild UP-TO-DATE
> Task :feature-notes:processDebugScreenshotTestManifest UP-TO-DATE
> Task :feature-profile:generateDebugResources UP-TO-DATE
> Task :feature-profile:processDebugNavigationResources UP-TO-DATE
> Task :feature-orders:checkDebugScreenshotTestAarMetadata UP-TO-DATE
> Task :feature-profile:preDebugScreenshotTestBuild UP-TO-DATE
> Task :feature-profile:javaPreCompileDebug UP-TO-DATE
> Task :feature-profile:writeDebugAarMetadata UP-TO-DATE
> Task :feature-onboarding:mergeDebugScreenshotTestManifest UP-TO-DATE
> Task :feature-orders:mergeDebugAssets
> Task :feature-profile:mapDebugSourceSetPaths UP-TO-DATE
> Task :feature-onboarding:mergeDebugScreenshotTestAssets
> Task :feature-profile:mapDebugScreenshotTestSourceSetPaths UP-TO-DATE
> Task :feature-profile:extractDeepLinksDebug UP-TO-DATE
> Task :feature-onboarding:processDebugScreenshotTestManifest UP-TO-DATE
> Task :feature-profile:generateDebugScreenshotTestResources UP-TO-DATE
> Task :feature-profile:generateDebugScreenshotTestAssets UP-TO-DATE
> Task :feature-profile:generateDebugAssets UP-TO-DATE
> Task :feature-profile:processDebugManifest UP-TO-DATE
> Task :feature-reports:preBuild UP-TO-DATE
> Task :feature-reports:preDebugBuild UP-TO-DATE
> Task :feature-profile:javaPreCompileDebugScreenshotTest
> Task :feature-reports:generateDebugResources UP-TO-DATE
> Task :feature-reports:javaPreCompileDebug UP-TO-DATE
> Task :feature-reports:processDebugNavigationResources UP-TO-DATE
> Task :feature-orders:mergeDebugScreenshotTestManifest UP-TO-DATE
> Task :feature-reports:preDebugScreenshotTestBuild UP-TO-DATE
> Task :feature-reports:writeDebugAarMetadata UP-TO-DATE
> Task :feature-orders:processDebugScreenshotTestManifest UP-TO-DATE
> Task :feature-reports:mapDebugSourceSetPaths UP-TO-DATE
> Task :feature-profile:checkDebugScreenshotTestAarMetadata UP-TO-DATE
> Task :feature-profile:mergeDebugAssets
> Task :feature-reports:mapDebugScreenshotTestSourceSetPaths UP-TO-DATE
> Task :feature-reports:extractDeepLinksDebug UP-TO-DATE
> Task :feature-reports:generateDebugScreenshotTestResources UP-TO-DATE
> Task :feature-reports:generateDebugScreenshotTestAssets UP-TO-DATE
> Task :feature-reports:generateDebugAssets UP-TO-DATE
> Task :feature-reports:processDebugManifest UP-TO-DATE
> Task :feature-reports:javaPreCompileDebugScreenshotTest
> Task :feature-search:preBuild UP-TO-DATE
> Task :feature-search:preDebugBuild UP-TO-DATE
> Task :feature-reports:mergeDebugAssets
> Task :feature-orders:mergeDebugScreenshotTestAssets
> Task :feature-search:generateDebugResources UP-TO-DATE
> Task :feature-reports:checkDebugScreenshotTestAarMetadata UP-TO-DATE
> Task :feature-search:javaPreCompileDebug UP-TO-DATE
> Task :feature-search:preDebugScreenshotTestBuild UP-TO-DATE
> Task :feature-search:processDebugNavigationResources UP-TO-DATE
> Task :feature-search:writeDebugAarMetadata UP-TO-DATE
> Task :feature-search:mapDebugSourceSetPaths UP-TO-DATE
> Task :feature-search:mapDebugScreenshotTestSourceSetPaths UP-TO-DATE
> Task :feature-search:generateDebugScreenshotTestResources UP-TO-DATE
> Task :feature-search:extractDeepLinksDebug UP-TO-DATE
> Task :feature-profile:mergeDebugScreenshotTestManifest UP-TO-DATE
> Task :feature-search:processDebugManifest UP-TO-DATE
> Task :feature-profile:mergeDebugScreenshotTestAssets
> Task :feature-search:javaPreCompileDebugScreenshotTest
> Task :feature-profile:processDebugScreenshotTestManifest UP-TO-DATE
> Task :feature-search:generateDebugAssets UP-TO-DATE
> Task :feature-search:generateDebugScreenshotTestAssets UP-TO-DATE
> Task :feature-settings:preBuild UP-TO-DATE
> Task :feature-settings:preDebugBuild UP-TO-DATE
> Task :feature-settings:generateDebugResources UP-TO-DATE
> Task :feature-account:processDebugScreenshotTestResources UP-TO-DATE
> Task :feature-catalog:processDebugScreenshotTestResources UP-TO-DATE
> Task :feature-checkout:processDebugScreenshotTestResources UP-TO-DATE
> Task :designsystem:processDebugScreenshotTestResources UP-TO-DATE
> Task :feature-activity:processDebugScreenshotTestResources UP-TO-DATE
> Task :feature-calendar:processDebugScreenshotTestResources UP-TO-DATE
> Task :feature-search:checkDebugScreenshotTestAarMetadata UP-TO-DATE
> Task :feature-alerts:processDebugScreenshotTestResources UP-TO-DATE
> Task :feature-billing:processDebugScreenshotTestResources UP-TO-DATE
> Task :feature-settings:processDebugNavigationResources UP-TO-DATE
> Task :feature-reports:mergeDebugScreenshotTestAssets
> Task :feature-search:mergeDebugAssets
> Task :feature-reports:mergeDebugScreenshotTestManifest UP-TO-DATE
> Task :feature-search:mergeDebugScreenshotTestManifest UP-TO-DATE
> Task :feature-account:compileDebugScreenshotTestKotlin UP-TO-DATE
> Task :feature-checkout:compileDebugScreenshotTestKotlin UP-TO-DATE
> Task :feature-activity:compileDebugScreenshotTestKotlin UP-TO-DATE
> Task :feature-catalog:compileDebugScreenshotTestKotlin UP-TO-DATE
> Task :designsystem:compileDebugScreenshotTestKotlin UP-TO-DATE
> Task :feature-calendar:compileDebugScreenshotTestKotlin UP-TO-DATE
> Task :feature-alerts:compileDebugScreenshotTestKotlin UP-TO-DATE
> Task :feature-billing:compileDebugScreenshotTestKotlin UP-TO-DATE
> Task :feature-account:compileDebugScreenshotTestJavaWithJavac NO-SOURCE
> Task :feature-checkout:compileDebugScreenshotTestJavaWithJavac NO-SOURCE
> Task :designsystem:compileDebugScreenshotTestJavaWithJavac NO-SOURCE
> Task :feature-catalog:compileDebugScreenshotTestJavaWithJavac NO-SOURCE
> Task :feature-activity:compileDebugScreenshotTestJavaWithJavac NO-SOURCE
> Task :feature-devices:compileDebugLibraryResources UP-TO-DATE
> Task :feature-alerts:compileDebugScreenshotTestJavaWithJavac NO-SOURCE
> Task :feature-billing:compileDebugScreenshotTestJavaWithJavac NO-SOURCE
> Task :feature-calendar:compileDebugScreenshotTestJavaWithJavac NO-SOURCE
> Task :feature-discover:packageDebugResources UP-TO-DATE
> Task :feature-fitness:packageDebugResources UP-TO-DATE
> Task :feature-finance:packageDebugResources UP-TO-DATE
> Task :feature-gallery:packageDebugResources UP-TO-DATE
> Task :feature-discover:parseDebugLocalResources UP-TO-DATE
> Task :feature-discover:compileDebugLibraryResources UP-TO-DATE
> Task :feature-inbox:packageDebugResources UP-TO-DATE
> Task :feature-finance:parseDebugLocalResources UP-TO-DATE
> Task :feature-finance:compileDebugLibraryResources UP-TO-DATE
> Task :feature-discover:generateDebugRFile UP-TO-DATE
> Task :feature-fitness:parseDebugLocalResources UP-TO-DATE
> Task :feature-finance:generateDebugRFile UP-TO-DATE
> Task :feature-fitness:generateDebugRFile UP-TO-DATE
> Task :feature-library:packageDebugResources UP-TO-DATE
> Task :feature-fitness:compileDebugLibraryResources UP-TO-DATE
> Task :feature-discover:compileDebugKotlin UP-TO-DATE
> Task :feature-discover:compileDebugJavaWithJavac NO-SOURCE
> Task :feature-discover:bundleLibCompileToJarDebug UP-TO-DATE
> Task :feature-fitness:compileDebugKotlin UP-TO-DATE
> Task :feature-finance:compileDebugKotlin UP-TO-DATE
> Task :feature-fitness:compileDebugJavaWithJavac NO-SOURCE
> Task :feature-finance:compileDebugJavaWithJavac NO-SOURCE
> Task :feature-finance:bundleLibCompileToJarDebug UP-TO-DATE
> Task :feature-discover:bundleLibRuntimeToJarDebug
> Task :feature-devices:mergeDebugScreenshotTestResources UP-TO-DATE
> Task :feature-fitness:bundleLibCompileToJarDebug UP-TO-DATE
> Task :feature-finance:bundleLibRuntimeToJarDebug
> Task :feature-gallery:parseDebugLocalResources UP-TO-DATE
> Task :feature-finance:mergeDebugScreenshotTestResources UP-TO-DATE
> Task :feature-fitness:bundleLibRuntimeToJarDebug
> Task :feature-gallery:generateDebugRFile UP-TO-DATE
> Task :feature-gallery:compileDebugLibraryResources UP-TO-DATE
> Task :feature-discover:mergeDebugScreenshotTestResources UP-TO-DATE
> Task :feature-devices:processDebugScreenshotTestResources UP-TO-DATE
> Task :feature-fitness:mergeDebugScreenshotTestResources UP-TO-DATE
> Task :feature-finance:processDebugScreenshotTestResources UP-TO-DATE
> Task :feature-fitness:processDebugScreenshotTestResources UP-TO-DATE
> Task :feature-discover:processDebugScreenshotTestResources UP-TO-DATE
> Task :feature-calendar:packageDebugScreenshotTestForScreenshotTest
> Task :feature-devices:packageDebugScreenshotTestForScreenshotTest
> Task :feature-billing:packageDebugScreenshotTestForScreenshotTest
> Task :feature-activity:packageDebugScreenshotTestForScreenshotTest
> Task :feature-account:packageDebugScreenshotTestForScreenshotTest
> Task :feature-alerts:packageDebugScreenshotTestForScreenshotTest
> Task :feature-catalog:packageDebugScreenshotTestForScreenshotTest
> Task :feature-checkout:packageDebugScreenshotTestForScreenshotTest
> Task :feature-finance:packageDebugScreenshotTestForScreenshotTest
> Task :designsystem:packageDebugScreenshotTestForScreenshotTest
> Task :feature-discover:packageDebugScreenshotTestForScreenshotTest
> Task :feature-gallery:compileDebugKotlin UP-TO-DATE
> Task :feature-gallery:compileDebugJavaWithJavac NO-SOURCE
> Task :feature-fitness:packageDebugScreenshotTestForScreenshotTest
> Task :feature-devices:compileDebugScreenshotTestKotlin UP-TO-DATE
> Task :feature-gallery:bundleLibCompileToJarDebug UP-TO-DATE
> Task :feature-devices:compileDebugScreenshotTestJavaWithJavac NO-SOURCE
> Task :feature-finance:compileDebugScreenshotTestKotlin UP-TO-DATE
> Task :feature-finance:compileDebugScreenshotTestJavaWithJavac NO-SOURCE
> Task :feature-discover:compileDebugScreenshotTestKotlin UP-TO-DATE
> Task :feature-inbox:parseDebugLocalResources UP-TO-DATE
> Task :feature-discover:compileDebugScreenshotTestJavaWithJavac NO-SOURCE
> Task :feature-gallery:bundleLibRuntimeToJarDebug
> Task :feature-fitness:compileDebugScreenshotTestKotlin UP-TO-DATE
> Task :feature-inbox:generateDebugRFile UP-TO-DATE
> Task :feature-fitness:compileDebugScreenshotTestJavaWithJavac NO-SOURCE
> Task :feature-inbox:compileDebugLibraryResources UP-TO-DATE
> Task :feature-gallery:mergeDebugScreenshotTestResources UP-TO-DATE
> Task :feature-inbox:compileDebugKotlin UP-TO-DATE
> Task :feature-gallery:processDebugScreenshotTestResources UP-TO-DATE
> Task :feature-inbox:compileDebugJavaWithJavac NO-SOURCE
> Task :feature-gallery:packageDebugScreenshotTestForScreenshotTest
> Task :feature-inbox:bundleLibCompileToJarDebug UP-TO-DATE
> Task :feature-inbox:mergeDebugScreenshotTestResources UP-TO-DATE
> Task :feature-gallery:compileDebugScreenshotTestKotlin UP-TO-DATE
> Task :feature-gallery:compileDebugScreenshotTestJavaWithJavac NO-SOURCE
> Task :feature-inbox:bundleLibRuntimeToJarDebug
> Task :feature-inbox:processDebugScreenshotTestResources UP-TO-DATE
> Task :feature-library:parseDebugLocalResources UP-TO-DATE
> Task :feature-inbox:packageDebugScreenshotTestForScreenshotTest
> Task :feature-library:generateDebugRFile UP-TO-DATE
> Task :feature-inbox:compileDebugScreenshotTestKotlin UP-TO-DATE
> Task :feature-inbox:compileDebugScreenshotTestJavaWithJavac NO-SOURCE
> Task :feature-library:compileDebugKotlin UP-TO-DATE
> Task :feature-library:compileDebugJavaWithJavac NO-SOURCE
> Task :feature-library:bundleLibCompileToJarDebug UP-TO-DATE
> Task :feature-library:bundleLibRuntimeToJarDebug
> Task :feature-library:compileDebugLibraryResources UP-TO-DATE
> Task :feature-library:mergeDebugScreenshotTestResources UP-TO-DATE
> Task :feature-library:processDebugScreenshotTestResources UP-TO-DATE
> Task :feature-library:compileDebugScreenshotTestKotlin UP-TO-DATE
> Task :feature-library:compileDebugScreenshotTestJavaWithJavac NO-SOURCE
> Task :feature-library:packageDebugScreenshotTestForScreenshotTest
> Task :feature-calendar:updateDebugScreenshotTest
> Task :feature-alerts:updateDebugScreenshotTest
> Task :feature-billing:updateDebugScreenshotTest
> Task :feature-account:updateDebugScreenshotTest
> Task :feature-catalog:updateDebugScreenshotTest
> Task :feature-activity:updateDebugScreenshotTest
> Task :designsystem:updateDebugScreenshotTest
> Task :feature-checkout:updateDebugScreenshotTest
> Task :feature-devices:updateDebugScreenshotTest
> Task :feature-finance:updateDebugScreenshotTest
> Task :feature-discover:updateDebugScreenshotTest
> Task :feature-fitness:updateDebugScreenshotTest
> Task :feature-gallery:updateDebugScreenshotTest
> Task :feature-inbox:updateDebugScreenshotTest
> Task :feature-library:updateDebugScreenshotTest
> Task :feature-media:packageDebugResources UP-TO-DATE
> Task :feature-media:parseDebugLocalResources UP-TO-DATE
> Task :feature-media:generateDebugRFile UP-TO-DATE
> Task :feature-media:compileDebugKotlin UP-TO-DATE
> Task :feature-media:compileDebugJavaWithJavac NO-SOURCE
> Task :feature-media:bundleLibCompileToJarDebug UP-TO-DATE
> Task :feature-media:bundleLibRuntimeToJarDebug
> Task :feature-media:compileDebugLibraryResources UP-TO-DATE
> Task :feature-media:mergeDebugScreenshotTestResources UP-TO-DATE
> Task :feature-media:processDebugScreenshotTestResources UP-TO-DATE
> Task :feature-media:compileDebugScreenshotTestKotlin UP-TO-DATE
> Task :feature-media:compileDebugScreenshotTestJavaWithJavac NO-SOURCE
> Task :feature-media:packageDebugScreenshotTestForScreenshotTest
> Task :feature-messages:packageDebugResources UP-TO-DATE
> Task :feature-messages:parseDebugLocalResources UP-TO-DATE
> Task :feature-messages:generateDebugRFile UP-TO-DATE
> Task :feature-messages:compileDebugKotlin UP-TO-DATE
> Task :feature-messages:compileDebugJavaWithJavac NO-SOURCE
> Task :feature-messages:bundleLibCompileToJarDebug UP-TO-DATE
> Task :feature-messages:bundleLibRuntimeToJarDebug
> Task :feature-messages:compileDebugLibraryResources UP-TO-DATE
> Task :feature-messages:mergeDebugScreenshotTestResources UP-TO-DATE
> Task :feature-messages:processDebugScreenshotTestResources UP-TO-DATE
> Task :feature-messages:compileDebugScreenshotTestKotlin UP-TO-DATE
> Task :feature-messages:compileDebugScreenshotTestJavaWithJavac NO-SOURCE
> Task :feature-messages:packageDebugScreenshotTestForScreenshotTest
> Task :feature-media:updateDebugScreenshotTest
> Task :feature-notes:packageDebugResources UP-TO-DATE
> Task :feature-notes:parseDebugLocalResources UP-TO-DATE
> Task :feature-notes:generateDebugRFile UP-TO-DATE
> Task :feature-notes:compileDebugKotlin UP-TO-DATE
> Task :feature-notes:compileDebugJavaWithJavac NO-SOURCE
> Task :feature-notes:bundleLibCompileToJarDebug UP-TO-DATE
> Task :feature-notes:bundleLibRuntimeToJarDebug
> Task :feature-notes:compileDebugLibraryResources UP-TO-DATE
> Task :feature-notes:mergeDebugScreenshotTestResources UP-TO-DATE
> Task :feature-notes:processDebugScreenshotTestResources UP-TO-DATE
> Task :feature-notes:compileDebugScreenshotTestKotlin UP-TO-DATE
> Task :feature-notes:compileDebugScreenshotTestJavaWithJavac NO-SOURCE
> Task :feature-notes:packageDebugScreenshotTestForScreenshotTest
> Task :feature-onboarding:packageDebugResources UP-TO-DATE
> Task :feature-onboarding:parseDebugLocalResources UP-TO-DATE
> Task :feature-onboarding:generateDebugRFile UP-TO-DATE
> Task :feature-onboarding:compileDebugKotlin UP-TO-DATE
> Task :feature-onboarding:compileDebugJavaWithJavac NO-SOURCE
> Task :feature-onboarding:bundleLibCompileToJarDebug UP-TO-DATE
> Task :feature-onboarding:bundleLibRuntimeToJarDebug
> Task :feature-onboarding:compileDebugLibraryResources UP-TO-DATE
> Task :feature-onboarding:mergeDebugScreenshotTestResources UP-TO-DATE
> Task :feature-onboarding:processDebugScreenshotTestResources UP-TO-DATE
> Task :feature-onboarding:compileDebugScreenshotTestKotlin UP-TO-DATE
> Task :feature-onboarding:compileDebugScreenshotTestJavaWithJavac NO-SOURCE
> Task :feature-onboarding:packageDebugScreenshotTestForScreenshotTest
> Task :feature-orders:packageDebugResources UP-TO-DATE
> Task :feature-orders:parseDebugLocalResources UP-TO-DATE
> Task :feature-orders:generateDebugRFile UP-TO-DATE
> Task :feature-orders:compileDebugKotlin UP-TO-DATE
> Task :feature-orders:compileDebugJavaWithJavac NO-SOURCE
> Task :feature-orders:bundleLibCompileToJarDebug UP-TO-DATE
> Task :feature-orders:bundleLibRuntimeToJarDebug
> Task :feature-orders:compileDebugLibraryResources UP-TO-DATE
> Task :feature-orders:mergeDebugScreenshotTestResources UP-TO-DATE
> Task :feature-orders:processDebugScreenshotTestResources UP-TO-DATE
> Task :feature-orders:compileDebugScreenshotTestKotlin UP-TO-DATE
> Task :feature-orders:compileDebugScreenshotTestJavaWithJavac NO-SOURCE
> Task :feature-orders:packageDebugScreenshotTestForScreenshotTest
> Task :feature-messages:updateDebugScreenshotTest
> Task :feature-profile:packageDebugResources UP-TO-DATE
> Task :feature-profile:parseDebugLocalResources UP-TO-DATE
> Task :feature-profile:generateDebugRFile UP-TO-DATE
> Task :feature-profile:compileDebugKotlin UP-TO-DATE
> Task :feature-profile:compileDebugJavaWithJavac NO-SOURCE
> Task :feature-profile:bundleLibCompileToJarDebug UP-TO-DATE
> Task :feature-profile:bundleLibRuntimeToJarDebug
> Task :feature-profile:compileDebugLibraryResources UP-TO-DATE
> Task :feature-profile:mergeDebugScreenshotTestResources UP-TO-DATE
> Task :feature-profile:processDebugScreenshotTestResources UP-TO-DATE
> Task :feature-profile:compileDebugScreenshotTestKotlin UP-TO-DATE
> Task :feature-profile:compileDebugScreenshotTestJavaWithJavac NO-SOURCE
> Task :feature-profile:packageDebugScreenshotTestForScreenshotTest
> Task :feature-notes:updateDebugScreenshotTest
> Task :feature-reports:packageDebugResources UP-TO-DATE
> Task :feature-reports:parseDebugLocalResources UP-TO-DATE
> Task :feature-reports:generateDebugRFile UP-TO-DATE
> Task :feature-reports:compileDebugKotlin UP-TO-DATE
> Task :feature-reports:compileDebugJavaWithJavac NO-SOURCE
> Task :feature-reports:bundleLibCompileToJarDebug UP-TO-DATE
> Task :feature-reports:bundleLibRuntimeToJarDebug
> Task :feature-reports:compileDebugLibraryResources UP-TO-DATE
> Task :feature-reports:mergeDebugScreenshotTestResources UP-TO-DATE
> Task :feature-reports:processDebugScreenshotTestManifest UP-TO-DATE
> Task :feature-reports:processDebugScreenshotTestResources UP-TO-DATE
> Task :feature-reports:compileDebugScreenshotTestKotlin UP-TO-DATE
> Task :feature-reports:compileDebugScreenshotTestJavaWithJavac NO-SOURCE
> Task :feature-reports:packageDebugScreenshotTestForScreenshotTest
> Task :feature-search:packageDebugResources UP-TO-DATE
> Task :feature-search:parseDebugLocalResources UP-TO-DATE
> Task :feature-search:generateDebugRFile UP-TO-DATE
> Task :feature-search:compileDebugKotlin UP-TO-DATE
> Task :feature-search:compileDebugJavaWithJavac NO-SOURCE
> Task :feature-search:bundleLibCompileToJarDebug UP-TO-DATE
> Task :feature-search:bundleLibRuntimeToJarDebug
> Task :feature-search:compileDebugLibraryResources UP-TO-DATE
> Task :feature-search:processDebugScreenshotTestManifest UP-TO-DATE
> Task :feature-search:mergeDebugScreenshotTestAssets
> Task :feature-settings:packageDebugResources UP-TO-DATE
> Task :feature-settings:parseDebugLocalResources UP-TO-DATE
> Task :feature-settings:generateDebugRFile UP-TO-DATE
> Task :feature-search:mergeDebugScreenshotTestResources UP-TO-DATE
> Task :feature-settings:compileDebugKotlin UP-TO-DATE
> Task :feature-settings:javaPreCompileDebug UP-TO-DATE
> Task :feature-settings:compileDebugJavaWithJavac NO-SOURCE
> Task :feature-settings:bundleLibCompileToJarDebug UP-TO-DATE
> Task :feature-search:processDebugScreenshotTestResources UP-TO-DATE
> Task :feature-settings:bundleLibRuntimeToJarDebug
> Task :feature-search:packageDebugScreenshotTestForScreenshotTest
> Task :feature-settings:preDebugScreenshotTestBuild UP-TO-DATE
> Task :feature-settings:writeDebugAarMetadata UP-TO-DATE
> Task :feature-search:compileDebugScreenshotTestKotlin UP-TO-DATE
> Task :feature-search:compileDebugScreenshotTestJavaWithJavac NO-SOURCE
> Task :feature-settings:checkDebugScreenshotTestAarMetadata UP-TO-DATE
> Task :feature-settings:mapDebugSourceSetPaths UP-TO-DATE
> Task :feature-settings:compileDebugLibraryResources UP-TO-DATE
> Task :feature-settings:mapDebugScreenshotTestSourceSetPaths UP-TO-DATE
> Task :feature-settings:generateDebugScreenshotTestResources UP-TO-DATE
> Task :feature-settings:mergeDebugScreenshotTestResources UP-TO-DATE
> Task :feature-settings:extractDeepLinksDebug UP-TO-DATE
> Task :feature-settings:processDebugManifest UP-TO-DATE
> Task :feature-settings:mergeDebugScreenshotTestManifest UP-TO-DATE
> Task :feature-settings:processDebugScreenshotTestManifest UP-TO-DATE
> Task :feature-settings:processDebugScreenshotTestResources UP-TO-DATE
> Task :feature-settings:compileDebugScreenshotTestKotlin UP-TO-DATE
> Task :feature-settings:javaPreCompileDebugScreenshotTest
> Task :feature-settings:compileDebugScreenshotTestJavaWithJavac NO-SOURCE
> Task :feature-settings:generateDebugScreenshotTestAssets UP-TO-DATE
> Task :feature-settings:generateDebugAssets UP-TO-DATE
> Task :feature-settings:mergeDebugAssets
> Task :feature-settings:mergeDebugScreenshotTestAssets
> Task :feature-settings:packageDebugScreenshotTestForScreenshotTest
> Task :feature-social:preBuild UP-TO-DATE
> Task :feature-social:preDebugBuild UP-TO-DATE
> Task :feature-social:generateDebugResources UP-TO-DATE
> Task :feature-social:packageDebugResources UP-TO-DATE
> Task :feature-social:processDebugNavigationResources UP-TO-DATE
> Task :feature-social:parseDebugLocalResources UP-TO-DATE
> Task :feature-social:generateDebugRFile UP-TO-DATE
> Task :feature-social:compileDebugKotlin UP-TO-DATE
> Task :feature-social:javaPreCompileDebug UP-TO-DATE
> Task :feature-social:compileDebugJavaWithJavac NO-SOURCE
> Task :feature-social:bundleLibCompileToJarDebug UP-TO-DATE
> Task :feature-social:bundleLibRuntimeToJarDebug
> Task :feature-social:preDebugScreenshotTestBuild UP-TO-DATE
> Task :feature-social:writeDebugAarMetadata UP-TO-DATE
> Task :feature-social:checkDebugScreenshotTestAarMetadata UP-TO-DATE
> Task :feature-social:mapDebugSourceSetPaths UP-TO-DATE
> Task :feature-social:compileDebugLibraryResources UP-TO-DATE
> Task :feature-social:mapDebugScreenshotTestSourceSetPaths UP-TO-DATE
> Task :feature-social:generateDebugScreenshotTestResources UP-TO-DATE
> Task :feature-social:mergeDebugScreenshotTestResources UP-TO-DATE
> Task :feature-social:extractDeepLinksDebug UP-TO-DATE
> Task :feature-social:processDebugManifest UP-TO-DATE
> Task :feature-social:mergeDebugScreenshotTestManifest UP-TO-DATE
> Task :feature-social:processDebugScreenshotTestManifest UP-TO-DATE
> Task :feature-social:processDebugScreenshotTestResources UP-TO-DATE
> Task :feature-social:compileDebugScreenshotTestKotlin UP-TO-DATE
> Task :feature-social:javaPreCompileDebugScreenshotTest
> Task :feature-social:compileDebugScreenshotTestJavaWithJavac NO-SOURCE
> Task :feature-social:generateDebugScreenshotTestAssets UP-TO-DATE
> Task :feature-social:generateDebugAssets UP-TO-DATE
> Task :feature-social:mergeDebugAssets
> Task :feature-social:mergeDebugScreenshotTestAssets
> Task :feature-social:packageDebugScreenshotTestForScreenshotTest
> Task :feature-onboarding:updateDebugScreenshotTest
> Task :feature-orders:updateDebugScreenshotTest
> Task :feature-storage:preBuild UP-TO-DATE
> Task :feature-storage:preDebugBuild UP-TO-DATE
> Task :feature-storage:generateDebugResources UP-TO-DATE
> Task :feature-storage:packageDebugResources UP-TO-DATE
> Task :feature-storage:processDebugNavigationResources UP-TO-DATE
> Task :feature-storage:parseDebugLocalResources UP-TO-DATE
> Task :feature-storage:generateDebugRFile UP-TO-DATE
> Task :feature-storage:compileDebugKotlin UP-TO-DATE
> Task :feature-storage:javaPreCompileDebug UP-TO-DATE
> Task :feature-storage:compileDebugJavaWithJavac NO-SOURCE
> Task :feature-storage:bundleLibCompileToJarDebug UP-TO-DATE
> Task :feature-storage:bundleLibRuntimeToJarDebug
> Task :feature-storage:preDebugScreenshotTestBuild UP-TO-DATE
> Task :feature-storage:writeDebugAarMetadata UP-TO-DATE
> Task :feature-storage:checkDebugScreenshotTestAarMetadata UP-TO-DATE
> Task :feature-storage:mapDebugSourceSetPaths UP-TO-DATE
> Task :feature-storage:compileDebugLibraryResources UP-TO-DATE
> Task :feature-storage:mapDebugScreenshotTestSourceSetPaths UP-TO-DATE
> Task :feature-storage:generateDebugScreenshotTestResources UP-TO-DATE
> Task :feature-storage:mergeDebugScreenshotTestResources UP-TO-DATE
> Task :feature-storage:extractDeepLinksDebug UP-TO-DATE
> Task :feature-storage:processDebugManifest UP-TO-DATE
> Task :feature-storage:mergeDebugScreenshotTestManifest UP-TO-DATE
> Task :feature-storage:processDebugScreenshotTestManifest UP-TO-DATE
> Task :feature-storage:processDebugScreenshotTestResources UP-TO-DATE
> Task :feature-storage:compileDebugScreenshotTestKotlin UP-TO-DATE
> Task :feature-storage:javaPreCompileDebugScreenshotTest
> Task :feature-storage:compileDebugScreenshotTestJavaWithJavac NO-SOURCE
> Task :feature-storage:generateDebugScreenshotTestAssets UP-TO-DATE
> Task :feature-storage:generateDebugAssets UP-TO-DATE
> Task :feature-storage:mergeDebugAssets
> Task :feature-storage:mergeDebugScreenshotTestAssets
> Task :feature-storage:packageDebugScreenshotTestForScreenshotTest
> Task :feature-profile:updateDebugScreenshotTest
> Task :feature-support:preBuild UP-TO-DATE
> Task :feature-support:preDebugBuild UP-TO-DATE
> Task :feature-support:generateDebugResources UP-TO-DATE
> Task :feature-support:packageDebugResources UP-TO-DATE
> Task :feature-support:processDebugNavigationResources UP-TO-DATE
> Task :feature-support:parseDebugLocalResources UP-TO-DATE
> Task :feature-support:generateDebugRFile UP-TO-DATE
> Task :feature-support:compileDebugKotlin UP-TO-DATE
> Task :feature-support:javaPreCompileDebug UP-TO-DATE
> Task :feature-support:compileDebugJavaWithJavac NO-SOURCE
> Task :feature-support:bundleLibCompileToJarDebug UP-TO-DATE
> Task :feature-support:bundleLibRuntimeToJarDebug
> Task :feature-support:preDebugScreenshotTestBuild UP-TO-DATE
> Task :feature-support:writeDebugAarMetadata UP-TO-DATE
> Task :feature-support:checkDebugScreenshotTestAarMetadata UP-TO-DATE
> Task :feature-support:mapDebugSourceSetPaths UP-TO-DATE
> Task :feature-support:compileDebugLibraryResources UP-TO-DATE
> Task :feature-support:mapDebugScreenshotTestSourceSetPaths UP-TO-DATE
> Task :feature-support:generateDebugScreenshotTestResources UP-TO-DATE
> Task :feature-support:mergeDebugScreenshotTestResources UP-TO-DATE
> Task :feature-support:extractDeepLinksDebug UP-TO-DATE
> Task :feature-support:processDebugManifest UP-TO-DATE
> Task :feature-support:mergeDebugScreenshotTestManifest UP-TO-DATE
> Task :feature-support:processDebugScreenshotTestManifest UP-TO-DATE
> Task :feature-support:processDebugScreenshotTestResources UP-TO-DATE
> Task :feature-support:compileDebugScreenshotTestKotlin UP-TO-DATE
> Task :feature-support:javaPreCompileDebugScreenshotTest
> Task :feature-support:compileDebugScreenshotTestJavaWithJavac NO-SOURCE
> Task :feature-support:generateDebugScreenshotTestAssets UP-TO-DATE
> Task :feature-support:generateDebugAssets UP-TO-DATE
> Task :feature-support:mergeDebugAssets
> Task :feature-support:mergeDebugScreenshotTestAssets
> Task :feature-support:packageDebugScreenshotTestForScreenshotTest
> Task :feature-reports:updateDebugScreenshotTest
> Task :feature-search:updateDebugScreenshotTest
> Task :feature-settings:updateDebugScreenshotTest

> Task :feature-inbox:updateDebugScreenshotTest

com.example.scale.inbox.ScreenshotTestKt > InboxExpense8ScreenPreviewScreenshot > InboxExpense8ScreenPreviewScreenshot > InboxExpense8ScreenPreviewScreenshot_Tablet_Light_Font100_{device=spec:width=1280dp,height=800dp,dpi=320, fontScale=1.0, uiMode=16} FAILED
    com.android.tools.screenshot.ScreenshotRenderException

> Task :feature-social:updateDebugScreenshotTest
> Task :feature-storage:updateDebugScreenshotTest

> Task :feature-finance:updateDebugScreenshotTest

com.example.scale.finance.ScreenshotTestKt > FinanceReservation12ScreenPreviewScreenshot > FinanceReservation12ScreenPreviewScreenshot > FinanceReservation12ScreenPreviewScreenshot_Foldable_Light_Font100_{device=spec:width=701dp,height=841dp,dpi=420, fontScale=1.0, uiMode=16} FAILED
    com.android.tools.screenshot.ScreenshotRenderException

> Task :feature-checkout:updateDebugScreenshotTest

com.example.scale.checkout.ScreenshotTestKt > CheckoutDevice8ScreenPreviewScreenshot > CheckoutDevice8ScreenPreviewScreenshot > CheckoutDevice8ScreenPreviewScreenshot_Phone_Dark_Font150_{device=spec:width=411dp,height=923dp,dpi=420, fontScale=1.5, uiMode=32} FAILED
    com.android.tools.screenshot.ScreenshotRenderException

> Task :feature-activity:updateDebugScreenshotTest

com.example.scale.activity.ScreenshotTestKt > ActivityShipment5ScreenPreviewScreenshot > ActivityShipment5ScreenPreviewScreenshot > ActivityShipment5ScreenPreviewScreenshot_Foldable_Light_Font100_{device=spec:width=701dp,height=841dp,dpi=420, fontScale=1.0, uiMode=16} FAILED
    com.android.tools.screenshot.ScreenshotRenderException

com.example.scale.activity.ScreenshotTestKt > ActivityShipment5ScreenPreviewScreenshot > ActivityShipment5ScreenPreviewScreenshot > ActivityShipment5ScreenPreviewScreenshot_Foldable_Light_Font150_{device=spec:width=701dp,height=841dp,dpi=420, fontScale=1.5, uiMode=16} FAILED
    com.android.tools.screenshot.ScreenshotRenderException

com.example.scale.activity.ScreenshotTestKt > ActivityShipment5ScreenPreviewScreenshot > ActivityShipment5ScreenPreviewScreenshot > ActivityShipment5ScreenPreviewScreenshot_Foldable_Light_Font200_{device=spec:width=701dp,height=841dp,dpi=420, fontScale=2.0, uiMode=16} FAILED
    com.android.tools.screenshot.ScreenshotRenderException

com.example.scale.activity.ScreenshotTestKt > ActivityShipment5ScreenPreviewScreenshot > ActivityShipment5ScreenPreviewScreenshot > ActivityShipment5ScreenPreviewScreenshot_Foldable_Dark_Font100_{device=spec:width=701dp,height=841dp,dpi=420, fontScale=1.0, uiMode=32} FAILED
    com.android.tools.screenshot.ScreenshotRenderException

com.example.scale.activity.ScreenshotTestKt > ActivityShipment5ScreenPreviewScreenshot > ActivityShipment5ScreenPreviewScreenshot > ActivityShipment5ScreenPreviewScreenshot_Foldable_Dark_Font150_{device=spec:width=701dp,height=841dp,dpi=420, fontScale=1.5, uiMode=32} FAILED
    com.android.tools.screenshot.ScreenshotRenderException

> Task :feature-tasks:preBuild UP-TO-DATE
> Task :feature-tasks:preDebugBuild UP-TO-DATE
> Task :feature-tasks:generateDebugResources UP-TO-DATE
> Task :feature-tasks:packageDebugResources UP-TO-DATE
> Task :feature-tasks:processDebugNavigationResources UP-TO-DATE
> Task :feature-tasks:parseDebugLocalResources UP-TO-DATE
> Task :feature-tasks:generateDebugRFile UP-TO-DATE
> Task :feature-tasks:compileDebugKotlin UP-TO-DATE
> Task :feature-tasks:javaPreCompileDebug UP-TO-DATE
> Task :feature-tasks:compileDebugJavaWithJavac NO-SOURCE
> Task :feature-tasks:bundleLibCompileToJarDebug UP-TO-DATE

> Task :feature-checkout:updateDebugScreenshotTest

com.example.scale.checkout.ScreenshotTestKt > CheckoutDevice8ScreenPreviewScreenshot > CheckoutDevice8ScreenPreviewScreenshot > CheckoutDevice8ScreenPreviewScreenshot_Foldable_Light_Font100_{device=spec:width=701dp,height=841dp,dpi=420, fontScale=1.0, uiMode=16} FAILED
    com.android.tools.screenshot.ScreenshotRenderException

> Task :feature-tasks:bundleLibRuntimeToJarDebug
> Task :feature-tasks:preDebugScreenshotTestBuild UP-TO-DATE
> Task :feature-tasks:writeDebugAarMetadata UP-TO-DATE
> Task :feature-tasks:checkDebugScreenshotTestAarMetadata UP-TO-DATE
> Task :feature-tasks:mapDebugSourceSetPaths UP-TO-DATE
> Task :feature-tasks:compileDebugLibraryResources UP-TO-DATE
> Task :feature-tasks:mapDebugScreenshotTestSourceSetPaths UP-TO-DATE
> Task :feature-tasks:generateDebugScreenshotTestResources UP-TO-DATE

> Task :feature-finance:updateDebugScreenshotTest

com.example.scale.finance.ScreenshotTestKt > FinanceReservation12ScreenPreviewScreenshot > FinanceReservation12ScreenPreviewScreenshot > FinanceReservation12ScreenPreviewScreenshot_Foldable_Light_Font150_{device=spec:width=701dp,height=841dp,dpi=420, fontScale=1.5, uiMode=16} FAILED
    com.android.tools.screenshot.ScreenshotRenderException

com.example.scale.finance.ScreenshotTestKt > FinanceReservation12ScreenPreviewScreenshot > FinanceReservation12ScreenPreviewScreenshot > FinanceReservation12ScreenPreviewScreenshot_Foldable_Light_Font200_{device=spec:width=701dp,height=841dp,dpi=420, fontScale=2.0, uiMode=16} FAILED
    com.android.tools.screenshot.ScreenshotRenderException

com.example.scale.finance.ScreenshotTestKt > FinanceReservation12ScreenPreviewScreenshot > FinanceReservation12ScreenPreviewScreenshot > FinanceReservation12ScreenPreviewScreenshot_Foldable_Dark_Font100_{device=spec:width=701dp,height=841dp,dpi=420, fontScale=1.0, uiMode=32} FAILED
    com.android.tools.screenshot.ScreenshotRenderException

com.example.scale.finance.ScreenshotTestKt > FinanceReservation12ScreenPreviewScreenshot > FinanceReservation12ScreenPreviewScreenshot > FinanceReservation12ScreenPreviewScreenshot_Foldable_Dark_Font150_{device=spec:width=701dp,height=841dp,dpi=420, fontScale=1.5, uiMode=32} FAILED
    com.android.tools.screenshot.ScreenshotRenderException

> Task :feature-tasks:mergeDebugScreenshotTestResources UP-TO-DATE
> Task :feature-tasks:extractDeepLinksDebug UP-TO-DATE
> Task :feature-tasks:processDebugManifest UP-TO-DATE
> Task :feature-tasks:mergeDebugScreenshotTestManifest UP-TO-DATE
> Task :feature-tasks:processDebugScreenshotTestManifest UP-TO-DATE
> Task :feature-tasks:processDebugScreenshotTestResources UP-TO-DATE
> Task :feature-tasks:compileDebugScreenshotTestKotlin UP-TO-DATE
> Task :feature-tasks:javaPreCompileDebugScreenshotTest
> Task :feature-tasks:compileDebugScreenshotTestJavaWithJavac NO-SOURCE
> Task :feature-tasks:generateDebugScreenshotTestAssets UP-TO-DATE
> Task :feature-tasks:generateDebugAssets UP-TO-DATE
> Task :feature-tasks:mergeDebugAssets

> Task :feature-inbox:updateDebugScreenshotTest

com.example.scale.inbox.ScreenshotTestKt > InboxExpense8ScreenPreviewScreenshot > InboxExpense8ScreenPreviewScreenshot > InboxExpense8ScreenPreviewScreenshot_Tablet_Light_Font200_{device=spec:width=1280dp,height=800dp,dpi=320, fontScale=2.0, uiMode=16} FAILED
    com.android.tools.screenshot.ScreenshotRenderException

com.example.scale.inbox.ScreenshotTestKt > InboxExpense8ScreenPreviewScreenshot > InboxExpense8ScreenPreviewScreenshot > InboxExpense8ScreenPreviewScreenshot_Tablet_Dark_Font100_{device=spec:width=1280dp,height=800dp,dpi=320, fontScale=1.0, uiMode=32} FAILED
    com.android.tools.screenshot.ScreenshotRenderException

com.example.scale.inbox.ScreenshotTestKt > InboxExpense8ScreenPreviewScreenshot > InboxExpense8ScreenPreviewScreenshot > InboxExpense8ScreenPreviewScreenshot_Tablet_Dark_Font150_{device=spec:width=1280dp,height=800dp,dpi=320, fontScale=1.5, uiMode=32} FAILED
    com.android.tools.screenshot.ScreenshotRenderException

com.example.scale.inbox.ScreenshotTestKt > InboxExpense8ScreenPreviewScreenshot > InboxExpense8ScreenPreviewScreenshot > InboxExpense8ScreenPreviewScreenshot_Tablet_Dark_Font200_{device=spec:width=1280dp,height=800dp,dpi=320, fontScale=2.0, uiMode=32} FAILED
    com.android.tools.screenshot.ScreenshotRenderException

com.example.scale.inbox.ScreenshotTestKt > InboxExpense8ScreenPreviewScreenshot > InboxExpense8ScreenPreviewScreenshot > InboxExpense8ScreenPreviewScreenshot_Landscape_Dark_Font100_{device=spec:width=923dp,height=411dp,dpi=420, fontScale=1.0, uiMode=32} FAILED
    com.android.tools.screenshot.ScreenshotRenderException

> Task :feature-tasks:mergeDebugScreenshotTestAssets
> Task :feature-tasks:packageDebugScreenshotTestForScreenshotTest

> Task :feature-finance:updateDebugScreenshotTest

com.example.scale.finance.ScreenshotTestKt > FinanceReservation12ScreenPreviewScreenshot > FinanceReservation12ScreenPreviewScreenshot STANDARD_ERROR
    java.lang.OutOfMemoryError: Java heap space

com.example.scale.finance.ScreenshotTestKt > FinanceReservation12ScreenPreviewScreenshot > FinanceReservation12ScreenPreviewScreenshot > FinanceReservation12ScreenPreviewScreenshot_Foldable_Dark_Font200_{device=spec:width=701dp,height=841dp,dpi=420, fontScale=2.0, uiMode=32} FAILED
    com.android.tools.screenshot.ScreenshotRenderException

> Task :feature-support:updateDebugScreenshotTest
> Task :feature-teams:preBuild UP-TO-DATE

> Task :feature-activity:updateDebugScreenshotTest

com.example.scale.activity.ScreenshotTestKt > ActivityShipment5ScreenPreviewScreenshot > ActivityShipment5ScreenPreviewScreenshot STANDARD_ERROR
    java.lang.OutOfMemoryError: Java heap space

com.example.scale.activity.ScreenshotTestKt > ActivityShipment5ScreenPreviewScreenshot > ActivityShipment5ScreenPreviewScreenshot > ActivityShipment5ScreenPreviewScreenshot_Foldable_Dark_Font200_{device=spec:width=701dp,height=841dp,dpi=420, fontScale=2.0, uiMode=32} FAILED
    com.android.tools.screenshot.ScreenshotRenderException

com.example.scale.activity.ScreenshotTestKt > ActivityShipment5ScreenPreviewScreenshot > ActivityShipment5ScreenPreviewScreenshot > ActivityShipment5ScreenPreviewScreenshot_Tablet_Light_Font100_{device=spec:width=1280dp,height=800dp,dpi=320, fontScale=1.0, uiMode=16} FAILED
    com.android.tools.screenshot.ScreenshotRenderException

com.example.scale.activity.ScreenshotTestKt > ActivityShipment5ScreenPreviewScreenshot > ActivityShipment5ScreenPreviewScreenshot STANDARD_ERROR
    java.lang.OutOfMemoryError: Java heap space

com.example.scale.activity.ScreenshotTestKt > ActivityShipment5ScreenPreviewScreenshot > ActivityShipment5ScreenPreviewScreenshot > ActivityShipment5ScreenPreviewScreenshot_Tablet_Light_Font150_{device=spec:width=1280dp,height=800dp,dpi=320, fontScale=1.5, uiMode=16} FAILED
    com.android.tools.screenshot.ScreenshotRenderException

com.example.scale.activity.ScreenshotTestKt > ActivityShipment5ScreenPreviewScreenshot > ActivityShipment5ScreenPreviewScreenshot STANDARD_ERROR
    java.lang.OutOfMemoryError: Java heap space

com.example.scale.activity.ScreenshotTestKt > ActivityShipment5ScreenPreviewScreenshot > ActivityShipment5ScreenPreviewScreenshot > ActivityShipment5ScreenPreviewScreenshot_Tablet_Light_Font200_{device=spec:width=1280dp,height=800dp,dpi=320, fontScale=2.0, uiMode=16} FAILED
    com.android.tools.screenshot.ScreenshotRenderException

com.example.scale.activity.ScreenshotTestKt > ActivityShipment5ScreenPreviewScreenshot > ActivityShipment5ScreenPreviewScreenshot STANDARD_ERROR
    java.lang.OutOfMemoryError: Java heap space

com.example.scale.activity.ScreenshotTestKt > ActivityShipment5ScreenPreviewScreenshot > ActivityShipment5ScreenPreviewScreenshot > ActivityShipment5ScreenPreviewScreenshot_Tablet_Dark_Font100_{device=spec:width=1280dp,height=800dp,dpi=320, fontScale=1.0, uiMode=32} FAILED
    com.android.tools.screenshot.ScreenshotRenderException

> Task :feature-teams:preDebugBuild UP-TO-DATE
> Task :feature-teams:generateDebugResources UP-TO-DATE
> Task :feature-teams:packageDebugResources UP-TO-DATE
> Task :feature-teams:processDebugNavigationResources UP-TO-DATE
> Task :feature-teams:parseDebugLocalResources UP-TO-DATE
> Task :feature-teams:generateDebugRFile UP-TO-DATE
> Task :feature-teams:compileDebugKotlin UP-TO-DATE
> Task :feature-teams:javaPreCompileDebug UP-TO-DATE
> Task :feature-teams:compileDebugJavaWithJavac NO-SOURCE
> Task :feature-teams:bundleLibCompileToJarDebug UP-TO-DATE

> Task :feature-finance:updateDebugScreenshotTest

com.example.scale.finance.ScreenshotTestKt > FinanceReservation12ScreenPreviewScreenshot > FinanceReservation12ScreenPreviewScreenshot > FinanceReservation12ScreenPreviewScreenshot_Tablet_Light_Font100_{device=spec:width=1280dp,height=800dp,dpi=320, fontScale=1.0, uiMode=16} FAILED
    com.android.tools.screenshot.ScreenshotRenderException

com.example.scale.finance.ScreenshotTestKt > FinanceReservation12ScreenPreviewScreenshot > FinanceReservation12ScreenPreviewScreenshot STANDARD_ERROR
    java.lang.OutOfMemoryError: Java heap space

com.example.scale.finance.ScreenshotTestKt > FinanceReservation12ScreenPreviewScreenshot > FinanceReservation12ScreenPreviewScreenshot > FinanceReservation12ScreenPreviewScreenshot_Tablet_Light_Font150_{device=spec:width=1280dp,height=800dp,dpi=320, fontScale=1.5, uiMode=16} FAILED
    com.android.tools.screenshot.ScreenshotRenderException

com.example.scale.finance.ScreenshotTestKt > FinanceReservation12ScreenPreviewScreenshot > FinanceReservation12ScreenPreviewScreenshot STANDARD_ERROR
    java.lang.OutOfMemoryError: Java heap space

com.example.scale.finance.ScreenshotTestKt > FinanceReservation12ScreenPreviewScreenshot > FinanceReservation12ScreenPreviewScreenshot > FinanceReservation12ScreenPreviewScreenshot_Tablet_Light_Font200_{device=spec:width=1280dp,height=800dp,dpi=320, fontScale=2.0, uiMode=16} FAILED
    com.android.tools.screenshot.ScreenshotRenderException

com.example.scale.finance.ScreenshotTestKt > FinanceReservation12ScreenPreviewScreenshot > FinanceReservation12ScreenPreviewScreenshot STANDARD_ERROR
    java.lang.OutOfMemoryError: Java heap space

com.example.scale.finance.ScreenshotTestKt > FinanceReservation12ScreenPreviewScreenshot > FinanceReservation12ScreenPreviewScreenshot > FinanceReservation12ScreenPreviewScreenshot_Tablet_Dark_Font100_{device=spec:width=1280dp,height=800dp,dpi=320, fontScale=1.0, uiMode=32} FAILED
    com.android.tools.screenshot.ScreenshotRenderException

com.example.scale.finance.ScreenshotTestKt > FinanceReservation12ScreenPreviewScreenshot > FinanceReservation12ScreenPreviewScreenshot STANDARD_ERROR
    java.lang.OutOfMemoryError: Java heap space

com.example.scale.finance.ScreenshotTestKt > FinanceReservation12ScreenPreviewScreenshot > FinanceReservation12ScreenPreviewScreenshot > FinanceReservation12ScreenPreviewScreenshot_Tablet_Dark_Font150_{device=spec:width=1280dp,height=800dp,dpi=320, fontScale=1.5, uiMode=32} FAILED
    com.android.tools.screenshot.ScreenshotRenderException

com.example.scale.finance.ScreenshotTestKt > FinanceReservation12ScreenPreviewScreenshot > FinanceReservation12ScreenPreviewScreenshot STANDARD_ERROR
    java.lang.OutOfMemoryError: Java heap space

com.example.scale.finance.ScreenshotTestKt > FinanceReservation12ScreenPreviewScreenshot > FinanceReservation12ScreenPreviewScreenshot > FinanceReservation12ScreenPreviewScreenshot_Tablet_Dark_Font200_{device=spec:width=1280dp,height=800dp,dpi=320, fontScale=2.0, uiMode=32} FAILED
    com.android.tools.screenshot.ScreenshotRenderException

> Task :feature-teams:bundleLibRuntimeToJarDebug
> Task :feature-teams:preDebugScreenshotTestBuild UP-TO-DATE
> Task :feature-teams:writeDebugAarMetadata UP-TO-DATE
> Task :feature-teams:checkDebugScreenshotTestAarMetadata UP-TO-DATE
> Task :feature-teams:mapDebugSourceSetPaths UP-TO-DATE
> Task :feature-teams:compileDebugLibraryResources UP-TO-DATE
> Task :feature-teams:mapDebugScreenshotTestSourceSetPaths UP-TO-DATE
> Task :feature-teams:generateDebugScreenshotTestResources UP-TO-DATE

> Task :feature-inbox:updateDebugScreenshotTest

com.example.scale.inbox.ScreenshotTestKt > InboxExpense8ScreenPreviewScreenshot > InboxExpense8ScreenPreviewScreenshot > InboxExpense8ScreenPreviewScreenshot_Landscape_Dark_Font200_{device=spec:width=923dp,height=411dp,dpi=420, fontScale=2.0, uiMode=32} FAILED
    com.android.tools.screenshot.ScreenshotRenderException

com.example.scale.inbox.ScreenshotTestKt > InboxProject2ScreenPreviewScreenshot > InboxProject2ScreenPreviewScreenshot > InboxProject2ScreenPreviewScreenshot_Phone_Light_Font100_{device=spec:width=411dp,height=923dp,dpi=420, fontScale=1.0, uiMode=16} FAILED
    com.android.tools.screenshot.ScreenshotRenderException

com.example.scale.inbox.ScreenshotTestKt > InboxProject2ScreenPreviewScreenshot > InboxProject2ScreenPreviewScreenshot > InboxProject2ScreenPreviewScreenshot_Phone_Light_Font150_{device=spec:width=411dp,height=923dp,dpi=420, fontScale=1.5, uiMode=16} FAILED
    com.android.tools.screenshot.ScreenshotRenderException

> Task :feature-teams:mergeDebugScreenshotTestResources UP-TO-DATE
> Task :feature-teams:extractDeepLinksDebug UP-TO-DATE
> Task :feature-teams:processDebugManifest UP-TO-DATE
> Task :feature-teams:mergeDebugScreenshotTestManifest UP-TO-DATE
> Task :feature-teams:processDebugScreenshotTestManifest UP-TO-DATE
> Task :feature-teams:processDebugScreenshotTestResources UP-TO-DATE
> Task :feature-teams:compileDebugScreenshotTestKotlin UP-TO-DATE
> Task :feature-teams:javaPreCompileDebugScreenshotTest
> Task :feature-teams:compileDebugScreenshotTestJavaWithJavac NO-SOURCE
> Task :feature-teams:generateDebugScreenshotTestAssets UP-TO-DATE
> Task :feature-teams:generateDebugAssets UP-TO-DATE
> Task :feature-teams:mergeDebugAssets
> Task :feature-teams:mergeDebugScreenshotTestAssets
> Task :feature-teams:packageDebugScreenshotTestForScreenshotTest

> Task :feature-activity:updateDebugScreenshotTest

com.example.scale.activity.ScreenshotTestKt > ActivityShipment5ScreenPreviewScreenshot > ActivityShipment5ScreenPreviewScreenshot STANDARD_ERROR
    java.lang.OutOfMemoryError: Java heap space

com.example.scale.activity.ScreenshotTestKt > ActivityShipment5ScreenPreviewScreenshot > ActivityShipment5ScreenPreviewScreenshot > ActivityShipment5ScreenPreviewScreenshot_Tablet_Dark_Font150_{device=spec:width=1280dp,height=800dp,dpi=320, fontScale=1.5, uiMode=32} FAILED
    com.android.tools.screenshot.ScreenshotRenderException

com.example.scale.activity.ScreenshotTestKt > ActivityShipment5ScreenPreviewScreenshot > ActivityShipment5ScreenPreviewScreenshot STANDARD_ERROR
    java.lang.OutOfMemoryError: Java heap space

com.example.scale.activity.ScreenshotTestKt > ActivityShipment5ScreenPreviewScreenshot > ActivityShipment5ScreenPreviewScreenshot > ActivityShipment5ScreenPreviewScreenshot_Tablet_Dark_Font200_{device=spec:width=1280dp,height=800dp,dpi=320, fontScale=2.0, uiMode=32} FAILED
    com.android.tools.screenshot.ScreenshotRenderException

com.example.scale.activity.ScreenshotTestKt > ActivityShipment5ScreenPreviewScreenshot > ActivityShipment5ScreenPreviewScreenshot STANDARD_ERROR
    java.lang.OutOfMemoryError: Java heap space

com.example.scale.activity.ScreenshotTestKt > ActivityShipment5ScreenPreviewScreenshot > ActivityShipment5ScreenPreviewScreenshot > ActivityShipment5ScreenPreviewScreenshot_Landscape_Light_Font100_{device=spec:width=923dp,height=411dp,dpi=420, fontScale=1.0, uiMode=16} FAILED
    com.android.tools.screenshot.ScreenshotRenderException

com.example.scale.activity.ScreenshotTestKt > ActivityShipment5ScreenPreviewScreenshot > ActivityShipment5ScreenPreviewScreenshot STANDARD_ERROR
    java.lang.OutOfMemoryError: Java heap space

com.example.scale.activity.ScreenshotTestKt > ActivityShipment5ScreenPreviewScreenshot > ActivityShipment5ScreenPreviewScreenshot > ActivityShipment5ScreenPreviewScreenshot_Landscape_Light_Font150_{device=spec:width=923dp,height=411dp,dpi=420, fontScale=1.5, uiMode=16} FAILED
    com.android.tools.screenshot.ScreenshotRenderException

com.example.scale.activity.ScreenshotTestKt > ActivityShipment5ScreenPreviewScreenshot > ActivityShipment5ScreenPreviewScreenshot STANDARD_ERROR
    java.lang.OutOfMemoryError: Java heap space

com.example.scale.activity.ScreenshotTestKt > ActivityShipment5ScreenPreviewScreenshot > ActivityShipment5ScreenPreviewScreenshot > ActivityShipment5ScreenPreviewScreenshot_Landscape_Light_Font200_{device=spec:width=923dp,height=411dp,dpi=420, fontScale=2.0, uiMode=16} FAILED
    com.android.tools.screenshot.ScreenshotRenderException

com.example.scale.activity.ScreenshotTestKt > ActivityShipment5ScreenPreviewScreenshot > ActivityShipment5ScreenPreviewScreenshot STANDARD_ERROR
    java.lang.OutOfMemoryError: Java heap space

com.example.scale.activity.ScreenshotTestKt > ActivityShipment5ScreenPreviewScreenshot > ActivityShipment5ScreenPreviewScreenshot > ActivityShipment5ScreenPreviewScreenshot_Landscape_Dark_Font100_{device=spec:width=923dp,height=411dp,dpi=420, fontScale=1.0, uiMode=32} FAILED
    com.android.tools.screenshot.ScreenshotRenderException

> Task :feature-checkout:updateDebugScreenshotTest

com.example.scale.checkout.ScreenshotTestKt > CheckoutDevice8ScreenPreviewScreenshot > CheckoutDevice8ScreenPreviewScreenshot STANDARD_ERROR
    java.lang.OutOfMemoryError: Java heap space

com.example.scale.checkout.ScreenshotTestKt > CheckoutDevice8ScreenPreviewScreenshot > CheckoutDevice8ScreenPreviewScreenshot > CheckoutDevice8ScreenPreviewScreenshot_Foldable_Light_Font150_{device=spec:width=701dp,height=841dp,dpi=420, fontScale=1.5, uiMode=16} FAILED
    com.android.tools.screenshot.ScreenshotRenderException

com.example.scale.checkout.ScreenshotTestKt > CheckoutDevice8ScreenPreviewScreenshot > CheckoutDevice8ScreenPreviewScreenshot STANDARD_ERROR
    java.lang.OutOfMemoryError: Java heap space

com.example.scale.checkout.ScreenshotTestKt > CheckoutDevice8ScreenPreviewScreenshot > CheckoutDevice8ScreenPreviewScreenshot > CheckoutDevice8ScreenPreviewScreenshot_Foldable_Light_Font200_{device=spec:width=701dp,height=841dp,dpi=420, fontScale=2.0, uiMode=16} FAILED
    com.android.tools.screenshot.ScreenshotRenderException

com.example.scale.checkout.ScreenshotTestKt > CheckoutDevice8ScreenPreviewScreenshot > CheckoutDevice8ScreenPreviewScreenshot STANDARD_ERROR
    java.lang.OutOfMemoryError: Java heap space

com.example.scale.checkout.ScreenshotTestKt > CheckoutDevice8ScreenPreviewScreenshot > CheckoutDevice8ScreenPreviewScreenshot > CheckoutDevice8ScreenPreviewScreenshot_Foldable_Dark_Font100_{device=spec:width=701dp,height=841dp,dpi=420, fontScale=1.0, uiMode=32} FAILED
    com.android.tools.screenshot.ScreenshotRenderException

com.example.scale.checkout.ScreenshotTestKt > CheckoutDevice8ScreenPreviewScreenshot > CheckoutDevice8ScreenPreviewScreenshot STANDARD_ERROR
    java.lang.OutOfMemoryError: Java heap space

com.example.scale.checkout.ScreenshotTestKt > CheckoutDevice8ScreenPreviewScreenshot > CheckoutDevice8ScreenPreviewScreenshot > CheckoutDevice8ScreenPreviewScreenshot_Foldable_Dark_Font150_{device=spec:width=701dp,height=841dp,dpi=420, fontScale=1.5, uiMode=32} FAILED
    com.android.tools.screenshot.ScreenshotRenderException

com.example.scale.checkout.ScreenshotTestKt > CheckoutDevice8ScreenPreviewScreenshot > CheckoutDevice8ScreenPreviewScreenshot STANDARD_ERROR
    java.lang.OutOfMemoryError: Java heap space

com.example.scale.checkout.ScreenshotTestKt > CheckoutDevice8ScreenPreviewScreenshot > CheckoutDevice8ScreenPreviewScreenshot > CheckoutDevice8ScreenPreviewScreenshot_Foldable_Dark_Font200_{device=spec:width=701dp,height=841dp,dpi=420, fontScale=2.0, uiMode=32} FAILED
    com.android.tools.screenshot.ScreenshotRenderException

com.example.scale.checkout.ScreenshotTestKt > CheckoutDevice8ScreenPreviewScreenshot > CheckoutDevice8ScreenPreviewScreenshot STANDARD_ERROR
    java.lang.OutOfMemoryError: Java heap space

com.example.scale.checkout.ScreenshotTestKt > CheckoutDevice8ScreenPreviewScreenshot > CheckoutDevice8ScreenPreviewScreenshot > CheckoutDevice8ScreenPreviewScreenshot_Tablet_Light_Font100_{device=spec:width=1280dp,height=800dp,dpi=320, fontScale=1.0, uiMode=16} FAILED
    com.android.tools.screenshot.ScreenshotRenderException

com.example.scale.checkout.ScreenshotTestKt > CheckoutDevice8ScreenPreviewScreenshot > CheckoutDevice8ScreenPreviewScreenshot STANDARD_ERROR
    java.lang.OutOfMemoryError: Java heap space

com.example.scale.checkout.ScreenshotTestKt > CheckoutDevice8ScreenPreviewScreenshot > CheckoutDevice8ScreenPreviewScreenshot > CheckoutDevice8ScreenPreviewScreenshot_Tablet_Light_Font150_{device=spec:width=1280dp,height=800dp,dpi=320, fontScale=1.5, uiMode=16} FAILED
    com.android.tools.screenshot.ScreenshotRenderException

com.example.scale.checkout.ScreenshotTestKt > CheckoutDevice8ScreenPreviewScreenshot > CheckoutDevice8ScreenPreviewScreenshot STANDARD_ERROR
    java.lang.OutOfMemoryError: Java heap space

com.example.scale.checkout.ScreenshotTestKt > CheckoutDevice8ScreenPreviewScreenshot > CheckoutDevice8ScreenPreviewScreenshot > CheckoutDevice8ScreenPreviewScreenshot_Tablet_Light_Font200_{device=spec:width=1280dp,height=800dp,dpi=320, fontScale=2.0, uiMode=16} FAILED
    com.android.tools.screenshot.ScreenshotRenderException

com.example.scale.checkout.ScreenshotTestKt > CheckoutDevice8ScreenPreviewScreenshot > CheckoutDevice8ScreenPreviewScreenshot STANDARD_ERROR
    java.lang.OutOfMemoryError: Java heap space

com.example.scale.checkout.ScreenshotTestKt > CheckoutDevice8ScreenPreviewScreenshot > CheckoutDevice8ScreenPreviewScreenshot > CheckoutDevice8ScreenPreviewScreenshot_Tablet_Dark_Font100_{device=spec:width=1280dp,height=800dp,dpi=320, fontScale=1.0, uiMode=32} FAILED
    com.android.tools.screenshot.ScreenshotRenderException

com.example.scale.checkout.ScreenshotTestKt > CheckoutDevice8ScreenPreviewScreenshot > CheckoutDevice8ScreenPreviewScreenshot STANDARD_ERROR
    java.lang.OutOfMemoryError: Java heap space

com.example.scale.checkout.ScreenshotTestKt > CheckoutDevice8ScreenPreviewScreenshot > CheckoutDevice8ScreenPreviewScreenshot > CheckoutDevice8ScreenPreviewScreenshot_Tablet_Dark_Font150_{device=spec:width=1280dp,height=800dp,dpi=320, fontScale=1.5, uiMode=32} FAILED
    com.android.tools.screenshot.ScreenshotRenderException

> Task :feature-tasks:updateDebugScreenshotTest

> Task :feature-finance:updateDebugScreenshotTest

com.example.scale.finance.ScreenshotTestKt > FinanceReservation12ScreenPreviewScreenshot > FinanceReservation12ScreenPreviewScreenshot STANDARD_ERROR
    java.lang.OutOfMemoryError: Java heap space

com.example.scale.finance.ScreenshotTestKt > FinanceReservation12ScreenPreviewScreenshot > FinanceReservation12ScreenPreviewScreenshot > FinanceReservation12ScreenPreviewScreenshot_Landscape_Light_Font100_{device=spec:width=923dp,height=411dp,dpi=420, fontScale=1.0, uiMode=16} FAILED
    com.android.tools.screenshot.ScreenshotRenderException

com.example.scale.finance.ScreenshotTestKt > FinanceReservation12ScreenPreviewScreenshot > FinanceReservation12ScreenPreviewScreenshot STANDARD_ERROR
    java.lang.OutOfMemoryError: Java heap space

com.example.scale.finance.ScreenshotTestKt > FinanceReservation12ScreenPreviewScreenshot > FinanceReservation12ScreenPreviewScreenshot > FinanceReservation12ScreenPreviewScreenshot_Landscape_Light_Font150_{device=spec:width=923dp,height=411dp,dpi=420, fontScale=1.5, uiMode=16} FAILED
    com.android.tools.screenshot.ScreenshotRenderException

com.example.scale.finance.ScreenshotTestKt > FinanceReservation12ScreenPreviewScreenshot > FinanceReservation12ScreenPreviewScreenshot STANDARD_ERROR
    java.lang.OutOfMemoryError: Java heap space

com.example.scale.finance.ScreenshotTestKt > FinanceReservation12ScreenPreviewScreenshot > FinanceReservation12ScreenPreviewScreenshot > FinanceReservation12ScreenPreviewScreenshot_Landscape_Light_Font200_{device=spec:width=923dp,height=411dp,dpi=420, fontScale=2.0, uiMode=16} FAILED
    com.android.tools.screenshot.ScreenshotRenderException

com.example.scale.finance.ScreenshotTestKt > FinanceReservation12ScreenPreviewScreenshot > FinanceReservation12ScreenPreviewScreenshot STANDARD_ERROR
    java.lang.OutOfMemoryError: Java heap space

com.example.scale.finance.ScreenshotTestKt > FinanceReservation12ScreenPreviewScreenshot > FinanceReservation12ScreenPreviewScreenshot > FinanceReservation12ScreenPreviewScreenshot_Landscape_Dark_Font100_{device=spec:width=923dp,height=411dp,dpi=420, fontScale=1.0, uiMode=32} FAILED
    com.android.tools.screenshot.ScreenshotRenderException

com.example.scale.finance.ScreenshotTestKt > FinanceReservation12ScreenPreviewScreenshot > FinanceReservation12ScreenPreviewScreenshot > FinanceReservation12ScreenPreviewScreenshot_Landscape_Dark_Font150_{device=spec:width=923dp,height=411dp,dpi=420, fontScale=1.5, uiMode=32} FAILED
    com.android.tools.screenshot.ScreenshotRenderException

com.example.scale.finance.ScreenshotTestKt > FinanceReservation12ScreenPreviewScreenshot > FinanceReservation12ScreenPreviewScreenshot > FinanceReservation12ScreenPreviewScreenshot_Landscape_Dark_Font200_{device=spec:width=923dp,height=411dp,dpi=420, fontScale=2.0, uiMode=32} FAILED
    com.android.tools.screenshot.ScreenshotRenderException

com.example.scale.finance.ScreenshotTestKt > FinanceOrder10ScreenPreviewScreenshot > FinanceOrder10ScreenPreviewScreenshot > FinanceOrder10ScreenPreviewScreenshot_Phone_Light_Font100_{device=spec:width=411dp,height=923dp,dpi=420, fontScale=1.0, uiMode=16} FAILED
    com.android.tools.screenshot.ScreenshotRenderException

com.example.scale.finance.ScreenshotTestKt > FinanceOrder10ScreenPreviewScreenshot > FinanceOrder10ScreenPreviewScreenshot > FinanceOrder10ScreenPreviewScreenshot_Phone_Light_Font150_{device=spec:width=411dp,height=923dp,dpi=420, fontScale=1.5, uiMode=16} FAILED
    com.android.tools.screenshot.ScreenshotRenderException

com.example.scale.finance.ScreenshotTestKt > FinanceOrder10ScreenPreviewScreenshot > FinanceOrder10ScreenPreviewScreenshot > FinanceOrder10ScreenPreviewScreenshot_Phone_Light_Font200_{device=spec:width=411dp,height=923dp,dpi=420, fontScale=2.0, uiMode=16} FAILED
    com.android.tools.screenshot.ScreenshotRenderException

com.example.scale.finance.ScreenshotTestKt > FinanceOrder10ScreenPreviewScreenshot > FinanceOrder10ScreenPreviewScreenshot > FinanceOrder10ScreenPreviewScreenshot_Phone_Dark_Font100_{device=spec:width=411dp,height=923dp,dpi=420, fontScale=1.0, uiMode=32} FAILED
    com.android.tools.screenshot.ScreenshotRenderException

> Task :feature-inbox:updateDebugScreenshotTest

com.example.scale.inbox.ScreenshotTestKt > InboxProject2ScreenPreviewScreenshot > InboxProject2ScreenPreviewScreenshot > InboxProject2ScreenPreviewScreenshot_Phone_Light_Font200_{device=spec:width=411dp,height=923dp,dpi=420, fontScale=2.0, uiMode=16} FAILED
    com.android.tools.screenshot.ScreenshotRenderException

com.example.scale.inbox.ScreenshotTestKt > InboxProject2ScreenPreviewScreenshot > InboxProject2ScreenPreviewScreenshot STANDARD_ERROR
    java.lang.OutOfMemoryError: Java heap space

com.example.scale.inbox.ScreenshotTestKt > InboxProject2ScreenPreviewScreenshot > InboxProject2ScreenPreviewScreenshot > InboxProject2ScreenPreviewScreenshot_Phone_Dark_Font100_{device=spec:width=411dp,height=923dp,dpi=420, fontScale=1.0, uiMode=32} FAILED
    com.android.tools.screenshot.ScreenshotRenderException

com.example.scale.inbox.ScreenshotTestKt > InboxProject2ScreenPreviewScreenshot > InboxProject2ScreenPreviewScreenshot STANDARD_ERROR
    java.lang.OutOfMemoryError: Java heap space

com.example.scale.inbox.ScreenshotTestKt > InboxProject2ScreenPreviewScreenshot > InboxProject2ScreenPreviewScreenshot > InboxProject2ScreenPreviewScreenshot_Phone_Dark_Font150_{device=spec:width=411dp,height=923dp,dpi=420, fontScale=1.5, uiMode=32} FAILED
    com.android.tools.screenshot.ScreenshotRenderException

com.example.scale.inbox.ScreenshotTestKt > InboxProject2ScreenPreviewScreenshot > InboxProject2ScreenPreviewScreenshot STANDARD_ERROR
    java.lang.OutOfMemoryError: Java heap space

com.example.scale.inbox.ScreenshotTestKt > InboxProject2ScreenPreviewScreenshot > InboxProject2ScreenPreviewScreenshot > InboxProject2ScreenPreviewScreenshot_Phone_Dark_Font200_{device=spec:width=411dp,height=923dp,dpi=420, fontScale=2.0, uiMode=32} FAILED
    com.android.tools.screenshot.ScreenshotRenderException

com.example.scale.inbox.ScreenshotTestKt > InboxProject2ScreenPreviewScreenshot > InboxProject2ScreenPreviewScreenshot STANDARD_ERROR
    java.lang.OutOfMemoryError: Java heap space

com.example.scale.inbox.ScreenshotTestKt > InboxProject2ScreenPreviewScreenshot > InboxProject2ScreenPreviewScreenshot > InboxProject2ScreenPreviewScreenshot_Foldable_Light_Font100_{device=spec:width=701dp,height=841dp,dpi=420, fontScale=1.0, uiMode=16} FAILED
    com.android.tools.screenshot.ScreenshotRenderException

com.example.scale.inbox.ScreenshotTestKt > InboxProject2ScreenPreviewScreenshot > InboxProject2ScreenPreviewScreenshot STANDARD_ERROR
    java.lang.OutOfMemoryError: Java heap space

com.example.scale.inbox.ScreenshotTestKt > InboxProject2ScreenPreviewScreenshot > InboxProject2ScreenPreviewScreenshot > InboxProject2ScreenPreviewScreenshot_Foldable_Light_Font150_{device=spec:width=701dp,height=841dp,dpi=420, fontScale=1.5, uiMode=16} FAILED
    com.android.tools.screenshot.ScreenshotRenderException

com.example.scale.inbox.ScreenshotTestKt > InboxProject2ScreenPreviewScreenshot > InboxProject2ScreenPreviewScreenshot STANDARD_ERROR
    java.lang.OutOfMemoryError: Java heap space

com.example.scale.inbox.ScreenshotTestKt > InboxProject2ScreenPreviewScreenshot > InboxProject2ScreenPreviewScreenshot > InboxProject2ScreenPreviewScreenshot_Foldable_Light_Font200_{device=spec:width=701dp,height=841dp,dpi=420, fontScale=2.0, uiMode=16} FAILED
    com.android.tools.screenshot.ScreenshotRenderException

com.example.scale.inbox.ScreenshotTestKt > InboxProject2ScreenPreviewScreenshot > InboxProject2ScreenPreviewScreenshot STANDARD_ERROR
    java.lang.OutOfMemoryError: Java heap space

com.example.scale.inbox.ScreenshotTestKt > InboxProject2ScreenPreviewScreenshot > InboxProject2ScreenPreviewScreenshot > InboxProject2ScreenPreviewScreenshot_Foldable_Dark_Font100_{device=spec:width=701dp,height=841dp,dpi=420, fontScale=1.0, uiMode=32} FAILED
    com.android.tools.screenshot.ScreenshotRenderException

> Task :feature-teams:updateDebugScreenshotTest
> Task :feature-travel:preBuild UP-TO-DATE
> Task :feature-travel:preDebugBuild UP-TO-DATE

> Task :feature-checkout:updateDebugScreenshotTest

com.example.scale.checkout.ScreenshotTestKt > CheckoutDevice8ScreenPreviewScreenshot > CheckoutDevice8ScreenPreviewScreenshot STANDARD_ERROR
    java.lang.OutOfMemoryError: Java heap space

com.example.scale.checkout.ScreenshotTestKt > CheckoutDevice8ScreenPreviewScreenshot > CheckoutDevice8ScreenPreviewScreenshot > CheckoutDevice8ScreenPreviewScreenshot_Tablet_Dark_Font200_{device=spec:width=1280dp,height=800dp,dpi=320, fontScale=2.0, uiMode=32} FAILED
    com.android.tools.screenshot.ScreenshotRenderException

com.example.scale.checkout.ScreenshotTestKt > CheckoutDevice8ScreenPreviewScreenshot > CheckoutDevice8ScreenPreviewScreenshot STANDARD_ERROR
    java.lang.OutOfMemoryError: Java heap space

com.example.scale.checkout.ScreenshotTestKt > CheckoutDevice8ScreenPreviewScreenshot > CheckoutDevice8ScreenPreviewScreenshot > CheckoutDevice8ScreenPreviewScreenshot_Landscape_Light_Font100_{device=spec:width=923dp,height=411dp,dpi=420, fontScale=1.0, uiMode=16} FAILED
    com.android.tools.screenshot.ScreenshotRenderException

com.example.scale.checkout.ScreenshotTestKt > CheckoutDevice8ScreenPreviewScreenshot > CheckoutDevice8ScreenPreviewScreenshot STANDARD_ERROR
    java.lang.OutOfMemoryError: Java heap space

com.example.scale.checkout.ScreenshotTestKt > CheckoutDevice8ScreenPreviewScreenshot > CheckoutDevice8ScreenPreviewScreenshot > CheckoutDevice8ScreenPreviewScreenshot_Landscape_Light_Font150_{device=spec:width=923dp,height=411dp,dpi=420, fontScale=1.5, uiMode=16} FAILED
    com.android.tools.screenshot.ScreenshotRenderException

> Task :feature-travel:generateDebugResources UP-TO-DATE
> Task :feature-travel:packageDebugResources UP-TO-DATE
> Task :feature-travel:processDebugNavigationResources UP-TO-DATE
> Task :feature-travel:parseDebugLocalResources UP-TO-DATE
> Task :feature-travel:generateDebugRFile UP-TO-DATE

> Task :feature-finance:updateDebugScreenshotTest

com.example.scale.finance.ScreenshotTestKt > FinanceOrder10ScreenPreviewScreenshot > FinanceOrder10ScreenPreviewScreenshot > FinanceOrder10ScreenPreviewScreenshot_Phone_Dark_Font150_{device=spec:width=411dp,height=923dp,dpi=420, fontScale=1.5, uiMode=32} FAILED
    com.android.tools.screenshot.ScreenshotRenderException

com.example.scale.finance.ScreenshotTestKt > FinanceOrder10ScreenPreviewScreenshot > FinanceOrder10ScreenPreviewScreenshot > FinanceOrder10ScreenPreviewScreenshot_Phone_Dark_Font200_{device=spec:width=411dp,height=923dp,dpi=420, fontScale=2.0, uiMode=32} FAILED
    com.android.tools.screenshot.ScreenshotRenderException

com.example.scale.finance.ScreenshotTestKt > FinanceOrder10ScreenPreviewScreenshot > FinanceOrder10ScreenPreviewScreenshot > FinanceOrder10ScreenPreviewScreenshot_Foldable_Light_Font100_{device=spec:width=701dp,height=841dp,dpi=420, fontScale=1.0, uiMode=16} FAILED
    com.android.tools.screenshot.ScreenshotRenderException

com.example.scale.finance.ScreenshotTestKt > FinanceOrder10ScreenPreviewScreenshot > FinanceOrder10ScreenPreviewScreenshot > FinanceOrder10ScreenPreviewScreenshot_Foldable_Light_Font150_{device=spec:width=701dp,height=841dp,dpi=420, fontScale=1.5, uiMode=16} FAILED
    com.android.tools.screenshot.ScreenshotRenderException

com.example.scale.finance.ScreenshotTestKt > FinanceOrder10ScreenPreviewScreenshot > FinanceOrder10ScreenPreviewScreenshot > FinanceOrder10ScreenPreviewScreenshot_Foldable_Light_Font200_{device=spec:width=701dp,height=841dp,dpi=420, fontScale=2.0, uiMode=16} FAILED
    com.android.tools.screenshot.ScreenshotRenderException

com.example.scale.finance.ScreenshotTestKt > FinanceOrder10ScreenPreviewScreenshot > FinanceOrder10ScreenPreviewScreenshot > FinanceOrder10ScreenPreviewScreenshot_Foldable_Dark_Font100_{device=spec:width=701dp,height=841dp,dpi=420, fontScale=1.0, uiMode=32} FAILED
    com.android.tools.screenshot.ScreenshotRenderException

com.example.scale.finance.ScreenshotTestKt > FinanceOrder10ScreenPreviewScreenshot > FinanceOrder10ScreenPreviewScreenshot > FinanceOrder10ScreenPreviewScreenshot_Foldable_Dark_Font150_{device=spec:width=701dp,height=841dp,dpi=420, fontScale=1.5, uiMode=32} FAILED
    com.android.tools.screenshot.ScreenshotRenderException

com.example.scale.finance.ScreenshotTestKt > FinanceOrder10ScreenPreviewScreenshot > FinanceOrder10ScreenPreviewScreenshot > FinanceOrder10ScreenPreviewScreenshot_Foldable_Dark_Font200_{device=spec:width=701dp,height=841dp,dpi=420, fontScale=2.0, uiMode=32} FAILED
    com.android.tools.screenshot.ScreenshotRenderException

com.example.scale.finance.ScreenshotTestKt > FinanceOrder10ScreenPreviewScreenshot > FinanceOrder10ScreenPreviewScreenshot > FinanceOrder10ScreenPreviewScreenshot_Tablet_Light_Font100_{device=spec:width=1280dp,height=800dp,dpi=320, fontScale=1.0, uiMode=16} FAILED
    com.android.tools.screenshot.ScreenshotRenderException

> Task :feature-travel:compileDebugKotlin UP-TO-DATE
> Task :feature-travel:javaPreCompileDebug UP-TO-DATE
> Task :feature-travel:compileDebugJavaWithJavac NO-SOURCE
> Task :feature-travel:bundleLibCompileToJarDebug UP-TO-DATE
> Task :feature-travel:bundleLibRuntimeToJarDebug
> Task :feature-travel:preDebugScreenshotTestBuild UP-TO-DATE
> Task :feature-travel:writeDebugAarMetadata UP-TO-DATE
> Task :feature-travel:checkDebugScreenshotTestAarMetadata UP-TO-DATE
> Task :feature-travel:mapDebugSourceSetPaths UP-TO-DATE
> Task :feature-travel:compileDebugLibraryResources UP-TO-DATE
> Task :feature-travel:mapDebugScreenshotTestSourceSetPaths UP-TO-DATE
> Task :feature-travel:generateDebugScreenshotTestResources UP-TO-DATE
> Task :feature-travel:mergeDebugScreenshotTestResources UP-TO-DATE
> Task :feature-travel:extractDeepLinksDebug UP-TO-DATE
> Task :feature-travel:processDebugManifest UP-TO-DATE
> Task :feature-travel:mergeDebugScreenshotTestManifest UP-TO-DATE
> Task :feature-travel:processDebugScreenshotTestManifest UP-TO-DATE
> Task :feature-travel:processDebugScreenshotTestResources UP-TO-DATE
> Task :feature-travel:compileDebugScreenshotTestKotlin UP-TO-DATE
> Task :feature-travel:javaPreCompileDebugScreenshotTest
> Task :feature-travel:compileDebugScreenshotTestJavaWithJavac NO-SOURCE
> Task :feature-travel:generateDebugScreenshotTestAssets UP-TO-DATE
> Task :feature-travel:generateDebugAssets UP-TO-DATE
> Task :feature-travel:mergeDebugAssets
> Task :feature-travel:mergeDebugScreenshotTestAssets
> Task :feature-travel:packageDebugScreenshotTestForScreenshotTest

> Task :feature-finance:updateDebugScreenshotTest

com.example.scale.finance.ScreenshotTestKt > FinanceOrder10ScreenPreviewScreenshot > FinanceOrder10ScreenPreviewScreenshot > FinanceOrder10ScreenPreviewScreenshot_Tablet_Light_Font150_{device=spec:width=1280dp,height=800dp,dpi=320, fontScale=1.5, uiMode=16} FAILED
    com.android.tools.screenshot.ScreenshotRenderException

com.example.scale.finance.ScreenshotTestKt > FinanceOrder10ScreenPreviewScreenshot > FinanceOrder10ScreenPreviewScreenshot > FinanceOrder10ScreenPreviewScreenshot_Tablet_Light_Font200_{device=spec:width=1280dp,height=800dp,dpi=320, fontScale=2.0, uiMode=16} FAILED
    com.android.tools.screenshot.ScreenshotRenderException

com.example.scale.finance.ScreenshotTestKt > FinanceOrder10ScreenPreviewScreenshot > FinanceOrder10ScreenPreviewScreenshot > FinanceOrder10ScreenPreviewScreenshot_Tablet_Dark_Font100_{device=spec:width=1280dp,height=800dp,dpi=320, fontScale=1.0, uiMode=32} FAILED
    com.android.tools.screenshot.ScreenshotRenderException

com.example.scale.finance.ScreenshotTestKt > FinanceOrder10ScreenPreviewScreenshot > FinanceOrder10ScreenPreviewScreenshot > FinanceOrder10ScreenPreviewScreenshot_Tablet_Dark_Font150_{device=spec:width=1280dp,height=800dp,dpi=320, fontScale=1.5, uiMode=32} FAILED
    com.android.tools.screenshot.ScreenshotRenderException

com.example.scale.finance.ScreenshotTestKt > FinanceOrder10ScreenPreviewScreenshot > FinanceOrder10ScreenPreviewScreenshot > FinanceOrder10ScreenPreviewScreenshot_Tablet_Dark_Font200_{device=spec:width=1280dp,height=800dp,dpi=320, fontScale=2.0, uiMode=32} FAILED
    com.android.tools.screenshot.ScreenshotRenderException

com.example.scale.finance.ScreenshotTestKt > FinanceOrder10ScreenPreviewScreenshot > FinanceOrder10ScreenPreviewScreenshot > FinanceOrder10ScreenPreviewScreenshot_Landscape_Light_Font100_{device=spec:width=923dp,height=411dp,dpi=420, fontScale=1.0, uiMode=16} FAILED
    com.android.tools.screenshot.ScreenshotRenderException

com.example.scale.finance.ScreenshotTestKt > FinanceOrder10ScreenPreviewScreenshot > FinanceOrder10ScreenPreviewScreenshot > FinanceOrder10ScreenPreviewScreenshot_Landscape_Light_Font150_{device=spec:width=923dp,height=411dp,dpi=420, fontScale=1.5, uiMode=16} FAILED
    com.android.tools.screenshot.ScreenshotRenderException

com.example.scale.finance.ScreenshotTestKt > FinanceOrder10ScreenPreviewScreenshot > FinanceOrder10ScreenPreviewScreenshot > FinanceOrder10ScreenPreviewScreenshot_Landscape_Light_Font200_{device=spec:width=923dp,height=411dp,dpi=420, fontScale=2.0, uiMode=16} FAILED
    com.android.tools.screenshot.ScreenshotRenderException

com.example.scale.finance.ScreenshotTestKt > FinanceOrder10ScreenPreviewScreenshot > FinanceOrder10ScreenPreviewScreenshot > FinanceOrder10ScreenPreviewScreenshot_Landscape_Dark_Font100_{device=spec:width=923dp,height=411dp,dpi=420, fontScale=1.0, uiMode=32} FAILED
    com.android.tools.screenshot.ScreenshotRenderException


Exception: java.lang.OutOfMemoryError thrown from the UncaughtExceptionHandler in thread "ApplicationImpl pooled thread 2"

Exception: java.lang.OutOfMemoryError thrown from the UncaughtExceptionHandler in thread "ApplicationImpl pooled thread 4"

> Task :feature-finance:updateDebugScreenshotTest

com.example.scale.finance.ScreenshotTestKt > FinanceOrder10ScreenPreviewScreenshot > FinanceOrder10ScreenPreviewScreenshot > FinanceOrder10ScreenPreviewScreenshot_Landscape_Dark_Font150_{device=spec:width=923dp,height=411dp,dpi=420, fontScale=1.5, uiMode=32} FAILED
    com.android.tools.screenshot.ScreenshotRenderException

com.example.scale.finance.ScreenshotTestKt > FinanceOrder10ScreenPreviewScreenshot > FinanceOrder10ScreenPreviewScreenshot > FinanceOrder10ScreenPreviewScreenshot_Landscape_Dark_Font200_{device=spec:width=923dp,height=411dp,dpi=420, fontScale=2.0, uiMode=32} FAILED
    com.android.tools.screenshot.ScreenshotRenderException

com.example.scale.finance.ScreenshotTestKt > FinanceInvoice11ScreenPreviewScreenshot > FinanceInvoice11ScreenPreviewScreenshot > FinanceInvoice11ScreenPreviewScreenshot_Phone_Light_Font100_{device=spec:width=411dp,height=923dp,dpi=420, fontScale=1.0, uiMode=16} FAILED
    com.android.tools.screenshot.ScreenshotRenderException

> Task :feature-travel:updateDebugScreenshotTest


Exception: java.lang.OutOfMemoryError thrown from the UncaughtExceptionHandler in thread "ApplicationImpl pooled thread 3"

> Task :feature-finance:updateDebugScreenshotTest

com.example.scale.finance.ScreenshotTestKt > FinanceInvoice11ScreenPreviewScreenshot > FinanceInvoice11ScreenPreviewScreenshot > FinanceInvoice11ScreenPreviewScreenshot_Phone_Light_Font150_{device=spec:width=411dp,height=923dp,dpi=420, fontScale=1.5, uiMode=16} FAILED
    com.android.tools.screenshot.ScreenshotRenderException

com.example.scale.finance.ScreenshotTestKt > FinanceInvoice11ScreenPreviewScreenshot > FinanceInvoice11ScreenPreviewScreenshot > FinanceInvoice11ScreenPreviewScreenshot_Phone_Light_Font200_{device=spec:width=411dp,height=923dp,dpi=420, fontScale=2.0, uiMode=16} FAILED
    com.android.tools.screenshot.ScreenshotRenderException

com.example.scale.finance.ScreenshotTestKt > FinanceInvoice11ScreenPreviewScreenshot > FinanceInvoice11ScreenPreviewScreenshot > FinanceInvoice11ScreenPreviewScreenshot_Phone_Dark_Font100_{device=spec:width=411dp,height=923dp,dpi=420, fontScale=1.0, uiMode=32} FAILED
    com.android.tools.screenshot.ScreenshotRenderException

com.example.scale.finance.ScreenshotTestKt > FinanceInvoice11ScreenPreviewScreenshot > FinanceInvoice11ScreenPreviewScreenshot > FinanceInvoice11ScreenPreviewScreenshot_Phone_Dark_Font150_{device=spec:width=411dp,height=923dp,dpi=420, fontScale=1.5, uiMode=32} FAILED
    com.android.tools.screenshot.ScreenshotRenderException

com.example.scale.finance.ScreenshotTestKt > FinanceInvoice11ScreenPreviewScreenshot > FinanceInvoice11ScreenPreviewScreenshot > FinanceInvoice11ScreenPreviewScreenshot_Phone_Dark_Font200_{device=spec:width=411dp,height=923dp,dpi=420, fontScale=2.0, uiMode=32} FAILED
    com.android.tools.screenshot.ScreenshotRenderException


Exception: java.lang.OutOfMemoryError thrown from the UncaughtExceptionHandler in thread "ApplicationImpl pooled thread 1"

> Task :feature-finance:updateDebugScreenshotTest

com.example.scale.finance.ScreenshotTestKt > FinanceInvoice11ScreenPreviewScreenshot > FinanceInvoice11ScreenPreviewScreenshot > FinanceInvoice11ScreenPreviewScreenshot_Foldable_Light_Font100_{device=spec:width=701dp,height=841dp,dpi=420, fontScale=1.0, uiMode=16} FAILED
    com.android.tools.screenshot.ScreenshotRenderException

com.example.scale.finance.ScreenshotTestKt > FinanceInvoice11ScreenPreviewScreenshot > FinanceInvoice11ScreenPreviewScreenshot > FinanceInvoice11ScreenPreviewScreenshot_Foldable_Light_Font150_{device=spec:width=701dp,height=841dp,dpi=420, fontScale=1.5, uiMode=16} FAILED
    com.android.tools.screenshot.ScreenshotRenderException

com.example.scale.finance.ScreenshotTestKt > FinanceInvoice11ScreenPreviewScreenshot > FinanceInvoice11ScreenPreviewScreenshot > FinanceInvoice11ScreenPreviewScreenshot_Foldable_Light_Font200_{device=spec:width=701dp,height=841dp,dpi=420, fontScale=2.0, uiMode=16} FAILED
    com.android.tools.screenshot.ScreenshotRenderException

com.example.scale.finance.ScreenshotTestKt > FinanceInvoice11ScreenPreviewScreenshot > FinanceInvoice11ScreenPreviewScreenshot > FinanceInvoice11ScreenPreviewScreenshot_Foldable_Dark_Font100_{device=spec:width=701dp,height=841dp,dpi=420, fontScale=1.0, uiMode=32} FAILED
    com.android.tools.screenshot.ScreenshotRenderException

com.example.scale.finance.ScreenshotTestKt > FinanceInvoice11ScreenPreviewScreenshot > FinanceInvoice11ScreenPreviewScreenshot > FinanceInvoice11ScreenPreviewScreenshot_Foldable_Dark_Font150_{device=spec:width=701dp,height=841dp,dpi=420, fontScale=1.5, uiMode=32} FAILED
    com.android.tools.screenshot.ScreenshotRenderException

com.example.scale.finance.ScreenshotTestKt > FinanceInvoice11ScreenPreviewScreenshot > FinanceInvoice11ScreenPreviewScreenshot > FinanceInvoice11ScreenPreviewScreenshot_Foldable_Dark_Font200_{device=spec:width=701dp,height=841dp,dpi=420, fontScale=2.0, uiMode=32} FAILED
    com.android.tools.screenshot.ScreenshotRenderException

com.example.scale.finance.ScreenshotTestKt > FinanceInvoice11ScreenPreviewScreenshot > FinanceInvoice11ScreenPreviewScreenshot > FinanceInvoice11ScreenPreviewScreenshot_Tablet_Light_Font100_{device=spec:width=1280dp,height=800dp,dpi=320, fontScale=1.0, uiMode=16} FAILED
    com.android.tools.screenshot.ScreenshotRenderException


Exception: java.lang.OutOfMemoryError thrown from the UncaughtExceptionHandler in thread "ApplicationImpl pooled thread 1"

> Task :feature-finance:updateDebugScreenshotTest

com.example.scale.finance.ScreenshotTestKt > FinanceInvoice11ScreenPreviewScreenshot > FinanceInvoice11ScreenPreviewScreenshot > FinanceInvoice11ScreenPreviewScreenshot_Tablet_Light_Font150_{device=spec:width=1280dp,height=800dp,dpi=320, fontScale=1.5, uiMode=16} FAILED
    com.android.tools.screenshot.ScreenshotRenderException

com.example.scale.finance.ScreenshotTestKt > FinanceInvoice11ScreenPreviewScreenshot > FinanceInvoice11ScreenPreviewScreenshot > FinanceInvoice11ScreenPreviewScreenshot_Tablet_Light_Font200_{device=spec:width=1280dp,height=800dp,dpi=320, fontScale=2.0, uiMode=16} FAILED
    com.android.tools.screenshot.ScreenshotRenderException

com.example.scale.finance.ScreenshotTestKt > FinanceInvoice11ScreenPreviewScreenshot > FinanceInvoice11ScreenPreviewScreenshot > FinanceInvoice11ScreenPreviewScreenshot_Tablet_Dark_Font100_{device=spec:width=1280dp,height=800dp,dpi=320, fontScale=1.0, uiMode=32} FAILED
    com.android.tools.screenshot.ScreenshotRenderException

com.example.scale.finance.ScreenshotTestKt > FinanceInvoice11ScreenPreviewScreenshot > FinanceInvoice11ScreenPreviewScreenshot > FinanceInvoice11ScreenPreviewScreenshot_Tablet_Dark_Font150_{device=spec:width=1280dp,height=800dp,dpi=320, fontScale=1.5, uiMode=32} FAILED
    com.android.tools.screenshot.ScreenshotRenderException

com.example.scale.finance.ScreenshotTestKt > FinanceInvoice11ScreenPreviewScreenshot > FinanceInvoice11ScreenPreviewScreenshot > FinanceInvoice11ScreenPreviewScreenshot_Tablet_Dark_Font200_{device=spec:width=1280dp,height=800dp,dpi=320, fontScale=2.0, uiMode=32} FAILED
    com.android.tools.screenshot.ScreenshotRenderException


Exception: java.lang.OutOfMemoryError thrown from the UncaughtExceptionHandler in thread "ApplicationImpl pooled thread 3"

> Task :feature-finance:updateDebugScreenshotTest

com.example.scale.finance.ScreenshotTestKt > FinanceInvoice11ScreenPreviewScreenshot > FinanceInvoice11ScreenPreviewScreenshot > FinanceInvoice11ScreenPreviewScreenshot_Landscape_Light_Font100_{device=spec:width=923dp,height=411dp,dpi=420, fontScale=1.0, uiMode=16} FAILED
    com.android.tools.screenshot.ScreenshotRenderException

> Task :feature-orders:updateDebugScreenshotTest

com.example.scale.orders.ScreenshotTestKt > OrdersContact11ScreenPreviewScreenshot > OrdersContact11ScreenPreviewScreenshot > OrdersContact11ScreenPreviewScreenshot_Foldable_Light_Font100_{device=spec:width=701dp,height=841dp,dpi=420, fontScale=1.0, uiMode=16} FAILED
    com.android.tools.screenshot.ScreenshotRenderException

com.example.scale.orders.ScreenshotTestKt > OrdersContact11ScreenPreviewScreenshot > OrdersContact11ScreenPreviewScreenshot > OrdersContact11ScreenPreviewScreenshot_Foldable_Light_Font150_{device=spec:width=701dp,height=841dp,dpi=420, fontScale=1.5, uiMode=16} FAILED
    com.android.tools.screenshot.ScreenshotRenderException

> Task :feature-profile:updateDebugScreenshotTest

com.example.scale.profile.ScreenshotTestKt > ProfileDevice9ScreenPreviewScreenshot > ProfileDevice9ScreenPreviewScreenshot > ProfileDevice9ScreenPreviewScreenshot_Phone_Dark_Font100_{device=spec:width=411dp,height=923dp,dpi=420, fontScale=1.0, uiMode=32} FAILED
    com.android.tools.screenshot.ScreenshotRenderException

> Task :feature-search:updateDebugScreenshotTest

com.example.scale.search.ScreenshotTestKt > SearchAlbum11ScreenPreviewScreenshot > SearchAlbum11ScreenPreviewScreenshot > SearchAlbum11ScreenPreviewScreenshot_Foldable_Dark_Font100_{device=spec:width=701dp,height=841dp,dpi=420, fontScale=1.0, uiMode=32} FAILED
    com.android.tools.screenshot.ScreenshotRenderException

> Task :feature-social:updateDebugScreenshotTest

com.example.scale.social.ScreenshotTestKt > SocialPayment7ScreenPreviewScreenshot > SocialPayment7ScreenPreviewScreenshot > SocialPayment7ScreenPreviewScreenshot_Foldable_Light_Font100_{device=spec:width=701dp,height=841dp,dpi=420, fontScale=1.0, uiMode=16} FAILED
    com.android.tools.screenshot.ScreenshotRenderException


Exception: java.lang.OutOfMemoryError thrown from the UncaughtExceptionHandler in thread "ApplicationImpl pooled thread 2"

> Task :feature-finance:updateDebugScreenshotTest

com.example.scale.finance.ScreenshotTestKt > FinanceInvoice11ScreenPreviewScreenshot > FinanceInvoice11ScreenPreviewScreenshot > FinanceInvoice11ScreenPreviewScreenshot_Landscape_Light_Font150_{device=spec:width=923dp,height=411dp,dpi=420, fontScale=1.5, uiMode=16} FAILED
    com.android.tools.screenshot.ScreenshotRenderException

com.example.scale.finance.ScreenshotTestKt > FinanceInvoice11ScreenPreviewScreenshot > FinanceInvoice11ScreenPreviewScreenshot > FinanceInvoice11ScreenPreviewScreenshot_Landscape_Light_Font200_{device=spec:width=923dp,height=411dp,dpi=420, fontScale=2.0, uiMode=16} FAILED
    com.android.tools.screenshot.ScreenshotRenderException

com.example.scale.finance.ScreenshotTestKt > FinanceInvoice11ScreenPreviewScreenshot > FinanceInvoice11ScreenPreviewScreenshot > FinanceInvoice11ScreenPreviewScreenshot_Landscape_Dark_Font100_{device=spec:width=923dp,height=411dp,dpi=420, fontScale=1.0, uiMode=32} FAILED
    com.android.tools.screenshot.ScreenshotRenderException

com.example.scale.finance.ScreenshotTestKt > FinanceInvoice11ScreenPreviewScreenshot > FinanceInvoice11ScreenPreviewScreenshot > FinanceInvoice11ScreenPreviewScreenshot_Landscape_Dark_Font150_{device=spec:width=923dp,height=411dp,dpi=420, fontScale=1.5, uiMode=32} FAILED
    com.android.tools.screenshot.ScreenshotRenderException

com.example.scale.finance.ScreenshotTestKt > FinanceInvoice11ScreenPreviewScreenshot > FinanceInvoice11ScreenPreviewScreenshot > FinanceInvoice11ScreenPreviewScreenshot_Landscape_Dark_Font200_{device=spec:width=923dp,height=411dp,dpi=420, fontScale=2.0, uiMode=32} FAILED
    com.android.tools.screenshot.ScreenshotRenderException

336 tests completed, 66 failed

> Task :feature-finance:updateDebugScreenshotTest FAILED

> Task :feature-orders:updateDebugScreenshotTest

com.example.scale.orders.ScreenshotTestKt > OrdersContact11ScreenPreviewScreenshot > OrdersContact11ScreenPreviewScreenshot > OrdersContact11ScreenPreviewScreenshot_Foldable_Light_Font200_{device=spec:width=701dp,height=841dp,dpi=420, fontScale=2.0, uiMode=16} FAILED
    com.android.tools.screenshot.ScreenshotRenderException

com.example.scale.orders.ScreenshotTestKt > OrdersContact11ScreenPreviewScreenshot > OrdersContact11ScreenPreviewScreenshot > OrdersContact11ScreenPreviewScreenshot_Foldable_Dark_Font100_{device=spec:width=701dp,height=841dp,dpi=420, fontScale=1.0, uiMode=32} FAILED
    com.android.tools.screenshot.ScreenshotRenderException

com.example.scale.orders.ScreenshotTestKt > OrdersContact11ScreenPreviewScreenshot > OrdersContact11ScreenPreviewScreenshot > OrdersContact11ScreenPreviewScreenshot_Foldable_Dark_Font150_{device=spec:width=701dp,height=841dp,dpi=420, fontScale=1.5, uiMode=32} FAILED
    com.android.tools.screenshot.ScreenshotRenderException

com.example.scale.orders.ScreenshotTestKt > OrdersContact11ScreenPreviewScreenshot > OrdersContact11ScreenPreviewScreenshot > OrdersContact11ScreenPreviewScreenshot_Foldable_Dark_Font200_{device=spec:width=701dp,height=841dp,dpi=420, fontScale=2.0, uiMode=32} FAILED
    com.android.tools.screenshot.ScreenshotRenderException

com.example.scale.orders.ScreenshotTestKt > OrdersContact11ScreenPreviewScreenshot > OrdersContact11ScreenPreviewScreenshot > OrdersContact11ScreenPreviewScreenshot_Tablet_Light_Font100_{device=spec:width=1280dp,height=800dp,dpi=320, fontScale=1.0, uiMode=16} FAILED
    com.android.tools.screenshot.ScreenshotRenderException

com.example.scale.orders.ScreenshotTestKt > OrdersContact11ScreenPreviewScreenshot > OrdersContact11ScreenPreviewScreenshot STANDARD_ERROR
    java.lang.OutOfMemoryError: Java heap space

com.example.scale.orders.ScreenshotTestKt > OrdersContact11ScreenPreviewScreenshot > OrdersContact11ScreenPreviewScreenshot > OrdersContact11ScreenPreviewScreenshot_Tablet_Light_Font150_{device=spec:width=1280dp,height=800dp,dpi=320, fontScale=1.5, uiMode=16} FAILED
    com.android.tools.screenshot.ScreenshotRenderException

com.example.scale.orders.ScreenshotTestKt > OrdersContact11ScreenPreviewScreenshot > OrdersContact11ScreenPreviewScreenshot STANDARD_ERROR
    java.lang.OutOfMemoryError: Java heap space

com.example.scale.orders.ScreenshotTestKt > OrdersContact11ScreenPreviewScreenshot > OrdersContact11ScreenPreviewScreenshot > OrdersContact11ScreenPreviewScreenshot_Tablet_Light_Font200_{device=spec:width=1280dp,height=800dp,dpi=320, fontScale=2.0, uiMode=16} FAILED
    com.android.tools.screenshot.ScreenshotRenderException

com.example.scale.orders.ScreenshotTestKt > OrdersContact11ScreenPreviewScreenshot > OrdersContact11ScreenPreviewScreenshot STANDARD_ERROR
    java.lang.OutOfMemoryError: Java heap space

com.example.scale.orders.ScreenshotTestKt > OrdersContact11ScreenPreviewScreenshot > OrdersContact11ScreenPreviewScreenshot > OrdersContact11ScreenPreviewScreenshot_Tablet_Dark_Font100_{device=spec:width=1280dp,height=800dp,dpi=320, fontScale=1.0, uiMode=32} FAILED
    com.android.tools.screenshot.ScreenshotRenderException

com.example.scale.orders.ScreenshotTestKt > OrdersContact11ScreenPreviewScreenshot > OrdersContact11ScreenPreviewScreenshot STANDARD_ERROR
    java.lang.OutOfMemoryError: Java heap space

com.example.scale.orders.ScreenshotTestKt > OrdersContact11ScreenPreviewScreenshot > OrdersContact11ScreenPreviewScreenshot > OrdersContact11ScreenPreviewScreenshot_Tablet_Dark_Font150_{device=spec:width=1280dp,height=800dp,dpi=320, fontScale=1.5, uiMode=32} FAILED
    com.android.tools.screenshot.ScreenshotRenderException

com.example.scale.orders.ScreenshotTestKt > OrdersContact11ScreenPreviewScreenshot > OrdersContact11ScreenPreviewScreenshot STANDARD_ERROR
    java.lang.OutOfMemoryError: Java heap space

com.example.scale.orders.ScreenshotTestKt > OrdersContact11ScreenPreviewScreenshot > OrdersContact11ScreenPreviewScreenshot > OrdersContact11ScreenPreviewScreenshot_Tablet_Dark_Font200_{device=spec:width=1280dp,height=800dp,dpi=320, fontScale=2.0, uiMode=32} FAILED
    com.android.tools.screenshot.ScreenshotRenderException

com.example.scale.orders.ScreenshotTestKt > OrdersContact11ScreenPreviewScreenshot > OrdersContact11ScreenPreviewScreenshot STANDARD_ERROR
    java.lang.OutOfMemoryError: Java heap space

com.example.scale.orders.ScreenshotTestKt > OrdersContact11ScreenPreviewScreenshot > OrdersContact11ScreenPreviewScreenshot > OrdersContact11ScreenPreviewScreenshot_Landscape_Light_Font100_{device=spec:width=923dp,height=411dp,dpi=420, fontScale=1.0, uiMode=16} FAILED
    com.android.tools.screenshot.ScreenshotRenderException

com.example.scale.orders.ScreenshotTestKt > OrdersContact11ScreenPreviewScreenshot > OrdersContact11ScreenPreviewScreenshot STANDARD_ERROR
    java.lang.OutOfMemoryError: Java heap space

com.example.scale.orders.ScreenshotTestKt > OrdersContact11ScreenPreviewScreenshot > OrdersContact11ScreenPreviewScreenshot > OrdersContact11ScreenPreviewScreenshot_Landscape_Light_Font150_{device=spec:width=923dp,height=411dp,dpi=420, fontScale=1.5, uiMode=16} FAILED
    com.android.tools.screenshot.ScreenshotRenderException

> Task :feature-profile:updateDebugScreenshotTest

com.example.scale.profile.ScreenshotTestKt > ProfileDevice9ScreenPreviewScreenshot > ProfileDevice9ScreenPreviewScreenshot > ProfileDevice9ScreenPreviewScreenshot_Phone_Dark_Font150_{device=spec:width=411dp,height=923dp,dpi=420, fontScale=1.5, uiMode=32} FAILED
    com.android.tools.screenshot.ScreenshotRenderException

com.example.scale.profile.ScreenshotTestKt > ProfileDevice9ScreenPreviewScreenshot > ProfileDevice9ScreenPreviewScreenshot > ProfileDevice9ScreenPreviewScreenshot_Phone_Dark_Font200_{device=spec:width=411dp,height=923dp,dpi=420, fontScale=2.0, uiMode=32} FAILED
    com.android.tools.screenshot.ScreenshotRenderException

com.example.scale.profile.ScreenshotTestKt > ProfileDevice9ScreenPreviewScreenshot > ProfileDevice9ScreenPreviewScreenshot STANDARD_ERROR
    java.lang.OutOfMemoryError: Java heap space

com.example.scale.profile.ScreenshotTestKt > ProfileDevice9ScreenPreviewScreenshot > ProfileDevice9ScreenPreviewScreenshot > ProfileDevice9ScreenPreviewScreenshot_Foldable_Light_Font100_{device=spec:width=701dp,height=841dp,dpi=420, fontScale=1.0, uiMode=16} FAILED
    com.android.tools.screenshot.ScreenshotRenderException

com.example.scale.profile.ScreenshotTestKt > ProfileDevice9ScreenPreviewScreenshot > ProfileDevice9ScreenPreviewScreenshot STANDARD_ERROR
    java.lang.OutOfMemoryError: Java heap space

com.example.scale.profile.ScreenshotTestKt > ProfileDevice9ScreenPreviewScreenshot > ProfileDevice9ScreenPreviewScreenshot > ProfileDevice9ScreenPreviewScreenshot_Foldable_Light_Font150_{device=spec:width=701dp,height=841dp,dpi=420, fontScale=1.5, uiMode=16} FAILED
    com.android.tools.screenshot.ScreenshotRenderException

com.example.scale.profile.ScreenshotTestKt > ProfileDevice9ScreenPreviewScreenshot > ProfileDevice9ScreenPreviewScreenshot STANDARD_ERROR
    java.lang.OutOfMemoryError: Java heap space

com.example.scale.profile.ScreenshotTestKt > ProfileDevice9ScreenPreviewScreenshot > ProfileDevice9ScreenPreviewScreenshot > ProfileDevice9ScreenPreviewScreenshot_Foldable_Light_Font200_{device=spec:width=701dp,height=841dp,dpi=420, fontScale=2.0, uiMode=16} FAILED
    com.android.tools.screenshot.ScreenshotRenderException

com.example.scale.profile.ScreenshotTestKt > ProfileDevice9ScreenPreviewScreenshot > ProfileDevice9ScreenPreviewScreenshot STANDARD_ERROR
    java.lang.OutOfMemoryError: Java heap space

com.example.scale.profile.ScreenshotTestKt > ProfileDevice9ScreenPreviewScreenshot > ProfileDevice9ScreenPreviewScreenshot > ProfileDevice9ScreenPreviewScreenshot_Foldable_Dark_Font100_{device=spec:width=701dp,height=841dp,dpi=420, fontScale=1.0, uiMode=32} FAILED
    com.android.tools.screenshot.ScreenshotRenderException

com.example.scale.profile.ScreenshotTestKt > ProfileDevice9ScreenPreviewScreenshot > ProfileDevice9ScreenPreviewScreenshot STANDARD_ERROR
    java.lang.OutOfMemoryError: Java heap space

com.example.scale.profile.ScreenshotTestKt > ProfileDevice9ScreenPreviewScreenshot > ProfileDevice9ScreenPreviewScreenshot > ProfileDevice9ScreenPreviewScreenshot_Foldable_Dark_Font150_{device=spec:width=701dp,height=841dp,dpi=420, fontScale=1.5, uiMode=32} FAILED
    com.android.tools.screenshot.ScreenshotRenderException

com.example.scale.profile.ScreenshotTestKt > ProfileDevice9ScreenPreviewScreenshot > ProfileDevice9ScreenPreviewScreenshot STANDARD_ERROR
    java.lang.OutOfMemoryError: Java heap space

com.example.scale.profile.ScreenshotTestKt > ProfileDevice9ScreenPreviewScreenshot > ProfileDevice9ScreenPreviewScreenshot > ProfileDevice9ScreenPreviewScreenshot_Foldable_Dark_Font200_{device=spec:width=701dp,height=841dp,dpi=420, fontScale=2.0, uiMode=32} FAILED
    com.android.tools.screenshot.ScreenshotRenderException

com.example.scale.profile.ScreenshotTestKt > ProfileDevice9ScreenPreviewScreenshot > ProfileDevice9ScreenPreviewScreenshot STANDARD_ERROR
    java.lang.OutOfMemoryError: Java heap space

com.example.scale.profile.ScreenshotTestKt > ProfileDevice9ScreenPreviewScreenshot > ProfileDevice9ScreenPreviewScreenshot > ProfileDevice9ScreenPreviewScreenshot_Tablet_Light_Font100_{device=spec:width=1280dp,height=800dp,dpi=320, fontScale=1.0, uiMode=16} FAILED
    com.android.tools.screenshot.ScreenshotRenderException

com.example.scale.profile.ScreenshotTestKt > ProfileDevice9ScreenPreviewScreenshot > ProfileDevice9ScreenPreviewScreenshot STANDARD_ERROR
    java.lang.OutOfMemoryError: Java heap space

com.example.scale.profile.ScreenshotTestKt > ProfileDevice9ScreenPreviewScreenshot > ProfileDevice9ScreenPreviewScreenshot > ProfileDevice9ScreenPreviewScreenshot_Tablet_Light_Font150_{device=spec:width=1280dp,height=800dp,dpi=320, fontScale=1.5, uiMode=16} FAILED
    com.android.tools.screenshot.ScreenshotRenderException

com.example.scale.profile.ScreenshotTestKt > ProfileDevice9ScreenPreviewScreenshot > ProfileDevice9ScreenPreviewScreenshot STANDARD_ERROR
    java.lang.OutOfMemoryError: Java heap space

com.example.scale.profile.ScreenshotTestKt > ProfileDevice9ScreenPreviewScreenshot > ProfileDevice9ScreenPreviewScreenshot > ProfileDevice9ScreenPreviewScreenshot_Tablet_Light_Font200_{device=spec:width=1280dp,height=800dp,dpi=320, fontScale=2.0, uiMode=16} FAILED
    com.android.tools.screenshot.ScreenshotRenderException

com.example.scale.profile.ScreenshotTestKt > ProfileDevice9ScreenPreviewScreenshot > ProfileDevice9ScreenPreviewScreenshot STANDARD_ERROR
    java.lang.OutOfMemoryError: Java heap space

com.example.scale.profile.ScreenshotTestKt > ProfileDevice9ScreenPreviewScreenshot > ProfileDevice9ScreenPreviewScreenshot > ProfileDevice9ScreenPreviewScreenshot_Tablet_Dark_Font100_{device=spec:width=1280dp,height=800dp,dpi=320, fontScale=1.0, uiMode=32} FAILED
    com.android.tools.screenshot.ScreenshotRenderException

> Task :feature-search:updateDebugScreenshotTest

com.example.scale.search.ScreenshotTestKt > SearchAlbum11ScreenPreviewScreenshot > SearchAlbum11ScreenPreviewScreenshot > SearchAlbum11ScreenPreviewScreenshot_Foldable_Dark_Font200_{device=spec:width=701dp,height=841dp,dpi=420, fontScale=2.0, uiMode=32} FAILED
    com.android.tools.screenshot.ScreenshotRenderException

com.example.scale.search.ScreenshotTestKt > SearchAlbum11ScreenPreviewScreenshot > SearchAlbum11ScreenPreviewScreenshot > SearchAlbum11ScreenPreviewScreenshot_Tablet_Light_Font100_{device=spec:width=1280dp,height=800dp,dpi=320, fontScale=1.0, uiMode=16} FAILED
    com.android.tools.screenshot.ScreenshotRenderException

com.example.scale.search.ScreenshotTestKt > SearchAlbum11ScreenPreviewScreenshot > SearchAlbum11ScreenPreviewScreenshot > SearchAlbum11ScreenPreviewScreenshot_Tablet_Light_Font150_{device=spec:width=1280dp,height=800dp,dpi=320, fontScale=1.5, uiMode=16} FAILED
    com.android.tools.screenshot.ScreenshotRenderException

com.example.scale.search.ScreenshotTestKt > SearchAlbum11ScreenPreviewScreenshot > SearchAlbum11ScreenPreviewScreenshot > SearchAlbum11ScreenPreviewScreenshot_Tablet_Light_Font200_{device=spec:width=1280dp,height=800dp,dpi=320, fontScale=2.0, uiMode=16} FAILED
    com.android.tools.screenshot.ScreenshotRenderException

com.example.scale.search.ScreenshotTestKt > SearchAlbum11ScreenPreviewScreenshot > SearchAlbum11ScreenPreviewScreenshot > SearchAlbum11ScreenPreviewScreenshot_Tablet_Dark_Font100_{device=spec:width=1280dp,height=800dp,dpi=320, fontScale=1.0, uiMode=32} FAILED
    com.android.tools.screenshot.ScreenshotRenderException

com.example.scale.search.ScreenshotTestKt > SearchAlbum11ScreenPreviewScreenshot > SearchAlbum11ScreenPreviewScreenshot > SearchAlbum11ScreenPreviewScreenshot_Tablet_Dark_Font150_{device=spec:width=1280dp,height=800dp,dpi=320, fontScale=1.5, uiMode=32} FAILED
    com.android.tools.screenshot.ScreenshotRenderException

com.example.scale.search.ScreenshotTestKt > SearchAlbum11ScreenPreviewScreenshot > SearchAlbum11ScreenPreviewScreenshot > SearchAlbum11ScreenPreviewScreenshot_Tablet_Dark_Font200_{device=spec:width=1280dp,height=800dp,dpi=320, fontScale=2.0, uiMode=32} FAILED
    com.android.tools.screenshot.ScreenshotRenderException

com.example.scale.search.ScreenshotTestKt > SearchAlbum11ScreenPreviewScreenshot > SearchAlbum11ScreenPreviewScreenshot > SearchAlbum11ScreenPreviewScreenshot_Landscape_Light_Font150_{device=spec:width=923dp,height=411dp,dpi=420, fontScale=1.5, uiMode=16} FAILED
    com.android.tools.screenshot.ScreenshotRenderException

> Task :feature-social:updateDebugScreenshotTest

com.example.scale.social.ScreenshotTestKt > SocialPayment7ScreenPreviewScreenshot > SocialPayment7ScreenPreviewScreenshot > SocialPayment7ScreenPreviewScreenshot_Foldable_Light_Font150_{device=spec:width=701dp,height=841dp,dpi=420, fontScale=1.5, uiMode=16} FAILED
    com.android.tools.screenshot.ScreenshotRenderException

com.example.scale.social.ScreenshotTestKt > SocialPayment7ScreenPreviewScreenshot > SocialPayment7ScreenPreviewScreenshot > SocialPayment7ScreenPreviewScreenshot_Foldable_Light_Font200_{device=spec:width=701dp,height=841dp,dpi=420, fontScale=2.0, uiMode=16} FAILED
    com.android.tools.screenshot.ScreenshotRenderException

com.example.scale.social.ScreenshotTestKt > SocialPayment7ScreenPreviewScreenshot > SocialPayment7ScreenPreviewScreenshot > SocialPayment7ScreenPreviewScreenshot_Foldable_Dark_Font100_{device=spec:width=701dp,height=841dp,dpi=420, fontScale=1.0, uiMode=32} FAILED
    com.android.tools.screenshot.ScreenshotRenderException

com.example.scale.social.ScreenshotTestKt > SocialPayment7ScreenPreviewScreenshot > SocialPayment7ScreenPreviewScreenshot > SocialPayment7ScreenPreviewScreenshot_Foldable_Dark_Font150_{device=spec:width=701dp,height=841dp,dpi=420, fontScale=1.5, uiMode=32} FAILED
    com.android.tools.screenshot.ScreenshotRenderException

com.example.scale.social.ScreenshotTestKt > SocialPayment7ScreenPreviewScreenshot > SocialPayment7ScreenPreviewScreenshot > SocialPayment7ScreenPreviewScreenshot_Foldable_Dark_Font200_{device=spec:width=701dp,height=841dp,dpi=420, fontScale=2.0, uiMode=32} FAILED
    com.android.tools.screenshot.ScreenshotRenderException

com.example.scale.social.ScreenshotTestKt > SocialPayment7ScreenPreviewScreenshot > SocialPayment7ScreenPreviewScreenshot > SocialPayment7ScreenPreviewScreenshot_Tablet_Light_Font100_{device=spec:width=1280dp,height=800dp,dpi=320, fontScale=1.0, uiMode=16} FAILED
    com.android.tools.screenshot.ScreenshotRenderException

com.example.scale.social.ScreenshotTestKt > SocialPayment7ScreenPreviewScreenshot > SocialPayment7ScreenPreviewScreenshot STANDARD_ERROR
    java.lang.OutOfMemoryError: Java heap space

com.example.scale.social.ScreenshotTestKt > SocialPayment7ScreenPreviewScreenshot > SocialPayment7ScreenPreviewScreenshot > SocialPayment7ScreenPreviewScreenshot_Tablet_Light_Font150_{device=spec:width=1280dp,height=800dp,dpi=320, fontScale=1.5, uiMode=16} FAILED
    com.android.tools.screenshot.ScreenshotRenderException

com.example.scale.social.ScreenshotTestKt > SocialPayment7ScreenPreviewScreenshot > SocialPayment7ScreenPreviewScreenshot STANDARD_ERROR
    java.lang.OutOfMemoryError: Java heap space

com.example.scale.social.ScreenshotTestKt > SocialPayment7ScreenPreviewScreenshot > SocialPayment7ScreenPreviewScreenshot > SocialPayment7ScreenPreviewScreenshot_Tablet_Light_Font200_{device=spec:width=1280dp,height=800dp,dpi=320, fontScale=2.0, uiMode=16} FAILED
    com.android.tools.screenshot.ScreenshotRenderException

com.example.scale.social.ScreenshotTestKt > SocialPayment7ScreenPreviewScreenshot > SocialPayment7ScreenPreviewScreenshot STANDARD_ERROR
    java.lang.OutOfMemoryError: Java heap space

com.example.scale.social.ScreenshotTestKt > SocialPayment7ScreenPreviewScreenshot > SocialPayment7ScreenPreviewScreenshot > SocialPayment7ScreenPreviewScreenshot_Tablet_Dark_Font100_{device=spec:width=1280dp,height=800dp,dpi=320, fontScale=1.0, uiMode=32} FAILED
    com.android.tools.screenshot.ScreenshotRenderException

com.example.scale.social.ScreenshotTestKt > SocialPayment7ScreenPreviewScreenshot > SocialPayment7ScreenPreviewScreenshot STANDARD_ERROR
    java.lang.OutOfMemoryError: Java heap space

com.example.scale.social.ScreenshotTestKt > SocialPayment7ScreenPreviewScreenshot > SocialPayment7ScreenPreviewScreenshot > SocialPayment7ScreenPreviewScreenshot_Tablet_Dark_Font150_{device=spec:width=1280dp,height=800dp,dpi=320, fontScale=1.5, uiMode=32} FAILED
    com.android.tools.screenshot.ScreenshotRenderException

com.example.scale.social.ScreenshotTestKt > SocialPayment7ScreenPreviewScreenshot > SocialPayment7ScreenPreviewScreenshot STANDARD_ERROR
    java.lang.OutOfMemoryError: Java heap space

com.example.scale.social.ScreenshotTestKt > SocialPayment7ScreenPreviewScreenshot > SocialPayment7ScreenPreviewScreenshot > SocialPayment7ScreenPreviewScreenshot_Tablet_Dark_Font200_{device=spec:width=1280dp,height=800dp,dpi=320, fontScale=2.0, uiMode=32} FAILED
    com.android.tools.screenshot.ScreenshotRenderException

com.example.scale.social.ScreenshotTestKt > SocialPayment7ScreenPreviewScreenshot > SocialPayment7ScreenPreviewScreenshot > SocialPayment7ScreenPreviewScreenshot_Landscape_Light_Font100_{device=spec:width=923dp,height=411dp,dpi=420, fontScale=1.0, uiMode=16} FAILED
    com.android.tools.screenshot.ScreenshotRenderException

com.example.scale.social.ScreenshotTestKt > SocialPayment7ScreenPreviewScreenshot > SocialPayment7ScreenPreviewScreenshot STANDARD_ERROR
    java.lang.OutOfMemoryError: Java heap space

com.example.scale.social.ScreenshotTestKt > SocialPayment7ScreenPreviewScreenshot > SocialPayment7ScreenPreviewScreenshot > SocialPayment7ScreenPreviewScreenshot_Landscape_Light_Font150_{device=spec:width=923dp,height=411dp,dpi=420, fontScale=1.5, uiMode=16} FAILED
    com.android.tools.screenshot.ScreenshotRenderException

com.example.scale.social.ScreenshotTestKt > SocialPayment7ScreenPreviewScreenshot > SocialPayment7ScreenPreviewScreenshot STANDARD_ERROR
    java.lang.OutOfMemoryError: Java heap space

com.example.scale.social.ScreenshotTestKt > SocialPayment7ScreenPreviewScreenshot > SocialPayment7ScreenPreviewScreenshot > SocialPayment7ScreenPreviewScreenshot_Landscape_Light_Font200_{device=spec:width=923dp,height=411dp,dpi=420, fontScale=2.0, uiMode=16} FAILED
    com.android.tools.screenshot.ScreenshotRenderException

com.example.scale.social.ScreenshotTestKt > SocialPayment7ScreenPreviewScreenshot > SocialPayment7ScreenPreviewScreenshot STANDARD_ERROR
    java.lang.OutOfMemoryError: Java heap space

com.example.scale.social.ScreenshotTestKt > SocialPayment7ScreenPreviewScreenshot > SocialPayment7ScreenPreviewScreenshot > SocialPayment7ScreenPreviewScreenshot_Landscape_Dark_Font100_{device=spec:width=923dp,height=411dp,dpi=420, fontScale=1.0, uiMode=32} FAILED
    com.android.tools.screenshot.ScreenshotRenderException

com.example.scale.social.ScreenshotTestKt > SocialPayment7ScreenPreviewScreenshot > SocialPayment7ScreenPreviewScreenshot STANDARD_ERROR
    java.lang.OutOfMemoryError: Java heap space

com.example.scale.social.ScreenshotTestKt > SocialPayment7ScreenPreviewScreenshot > SocialPayment7ScreenPreviewScreenshot > SocialPayment7ScreenPreviewScreenshot_Landscape_Dark_Font150_{device=spec:width=923dp,height=411dp,dpi=420, fontScale=1.5, uiMode=32} FAILED
    com.android.tools.screenshot.ScreenshotRenderException

com.example.scale.social.ScreenshotTestKt > SocialPayment7ScreenPreviewScreenshot > SocialPayment7ScreenPreviewScreenshot STANDARD_ERROR
    java.lang.OutOfMemoryError: Java heap space

com.example.scale.social.ScreenshotTestKt > SocialPayment7ScreenPreviewScreenshot > SocialPayment7ScreenPreviewScreenshot > SocialPayment7ScreenPreviewScreenshot_Landscape_Dark_Font200_{device=spec:width=923dp,height=411dp,dpi=420, fontScale=2.0, uiMode=32} FAILED
    com.android.tools.screenshot.ScreenshotRenderException

> Task :feature-storage:updateDebugScreenshotTest

com.example.scale.storage.ScreenshotTestKt > StorageReservation4ScreenPreviewScreenshot > StorageReservation4ScreenPreviewScreenshot > StorageReservation4ScreenPreviewScreenshot_Foldable_Light_Font100_{device=spec:width=701dp,height=841dp,dpi=420, fontScale=1.0, uiMode=16} FAILED
    com.android.tools.screenshot.ScreenshotRenderException

com.example.scale.storage.ScreenshotTestKt > StorageReservation4ScreenPreviewScreenshot > StorageReservation4ScreenPreviewScreenshot > StorageReservation4ScreenPreviewScreenshot_Foldable_Light_Font150_{device=spec:width=701dp,height=841dp,dpi=420, fontScale=1.5, uiMode=16} FAILED
    com.android.tools.screenshot.ScreenshotRenderException

com.example.scale.storage.ScreenshotTestKt > StorageReservation4ScreenPreviewScreenshot > StorageReservation4ScreenPreviewScreenshot > StorageReservation4ScreenPreviewScreenshot_Foldable_Light_Font200_{device=spec:width=701dp,height=841dp,dpi=420, fontScale=2.0, uiMode=16} FAILED
    com.android.tools.screenshot.ScreenshotRenderException

com.example.scale.storage.ScreenshotTestKt > StorageReservation4ScreenPreviewScreenshot > StorageReservation4ScreenPreviewScreenshot > StorageReservation4ScreenPreviewScreenshot_Foldable_Dark_Font100_{device=spec:width=701dp,height=841dp,dpi=420, fontScale=1.0, uiMode=32} FAILED
    com.android.tools.screenshot.ScreenshotRenderException

com.example.scale.storage.ScreenshotTestKt > StorageReservation4ScreenPreviewScreenshot > StorageReservation4ScreenPreviewScreenshot STANDARD_ERROR
    java.lang.OutOfMemoryError: Java heap space

com.example.scale.storage.ScreenshotTestKt > StorageReservation4ScreenPreviewScreenshot > StorageReservation4ScreenPreviewScreenshot > StorageReservation4ScreenPreviewScreenshot_Foldable_Dark_Font150_{device=spec:width=701dp,height=841dp,dpi=420, fontScale=1.5, uiMode=32} FAILED
    com.android.tools.screenshot.ScreenshotRenderException

com.example.scale.storage.ScreenshotTestKt > StorageReservation4ScreenPreviewScreenshot > StorageReservation4ScreenPreviewScreenshot STANDARD_ERROR
    java.lang.OutOfMemoryError: Java heap space

com.example.scale.storage.ScreenshotTestKt > StorageReservation4ScreenPreviewScreenshot > StorageReservation4ScreenPreviewScreenshot > StorageReservation4ScreenPreviewScreenshot_Foldable_Dark_Font200_{device=spec:width=701dp,height=841dp,dpi=420, fontScale=2.0, uiMode=32} FAILED
    com.android.tools.screenshot.ScreenshotRenderException

com.example.scale.storage.ScreenshotTestKt > StorageReservation4ScreenPreviewScreenshot > StorageReservation4ScreenPreviewScreenshot STANDARD_ERROR
    java.lang.OutOfMemoryError: Java heap space

com.example.scale.storage.ScreenshotTestKt > StorageReservation4ScreenPreviewScreenshot > StorageReservation4ScreenPreviewScreenshot > StorageReservation4ScreenPreviewScreenshot_Tablet_Light_Font100_{device=spec:width=1280dp,height=800dp,dpi=320, fontScale=1.0, uiMode=16} FAILED
    com.android.tools.screenshot.ScreenshotRenderException

com.example.scale.storage.ScreenshotTestKt > StorageReservation4ScreenPreviewScreenshot > StorageReservation4ScreenPreviewScreenshot STANDARD_ERROR
    java.lang.OutOfMemoryError: Java heap space

com.example.scale.storage.ScreenshotTestKt > StorageReservation4ScreenPreviewScreenshot > StorageReservation4ScreenPreviewScreenshot > StorageReservation4ScreenPreviewScreenshot_Tablet_Light_Font150_{device=spec:width=1280dp,height=800dp,dpi=320, fontScale=1.5, uiMode=16} FAILED
    com.android.tools.screenshot.ScreenshotRenderException

com.example.scale.storage.ScreenshotTestKt > StorageReservation4ScreenPreviewScreenshot > StorageReservation4ScreenPreviewScreenshot STANDARD_ERROR
    java.lang.OutOfMemoryError: Java heap space

com.example.scale.storage.ScreenshotTestKt > StorageReservation4ScreenPreviewScreenshot > StorageReservation4ScreenPreviewScreenshot > StorageReservation4ScreenPreviewScreenshot_Tablet_Light_Font200_{device=spec:width=1280dp,height=800dp,dpi=320, fontScale=2.0, uiMode=16} FAILED
    com.android.tools.screenshot.ScreenshotRenderException

com.example.scale.storage.ScreenshotTestKt > StorageReservation4ScreenPreviewScreenshot > StorageReservation4ScreenPreviewScreenshot STANDARD_ERROR
    java.lang.OutOfMemoryError: Java heap space

com.example.scale.storage.ScreenshotTestKt > StorageReservation4ScreenPreviewScreenshot > StorageReservation4ScreenPreviewScreenshot > StorageReservation4ScreenPreviewScreenshot_Tablet_Dark_Font100_{device=spec:width=1280dp,height=800dp,dpi=320, fontScale=1.0, uiMode=32} FAILED
    com.android.tools.screenshot.ScreenshotRenderException

com.example.scale.storage.ScreenshotTestKt > StorageReservation4ScreenPreviewScreenshot > StorageReservation4ScreenPreviewScreenshot STANDARD_ERROR
    java.lang.OutOfMemoryError: Java heap space

com.example.scale.storage.ScreenshotTestKt > StorageReservation4ScreenPreviewScreenshot > StorageReservation4ScreenPreviewScreenshot > StorageReservation4ScreenPreviewScreenshot_Tablet_Dark_Font150_{device=spec:width=1280dp,height=800dp,dpi=320, fontScale=1.5, uiMode=32} FAILED
    com.android.tools.screenshot.ScreenshotRenderException

> Task :feature-orders:updateDebugScreenshotTest

com.example.scale.orders.ScreenshotTestKt > OrdersContact11ScreenPreviewScreenshot > OrdersContact11ScreenPreviewScreenshot > OrdersContact11ScreenPreviewScreenshot_Landscape_Light_Font200_{device=spec:width=923dp,height=411dp,dpi=420, fontScale=2.0, uiMode=16} FAILED
    com.android.tools.screenshot.ScreenshotRenderException

com.example.scale.orders.ScreenshotTestKt > OrdersContact11ScreenPreviewScreenshot > OrdersContact11ScreenPreviewScreenshot STANDARD_ERROR
    Exception in thread "ApplicationImpl pooled thread 2" java.lang.OutOfMemoryError: Java heap space
    java.lang.OutOfMemoryError: Java heap space

com.example.scale.orders.ScreenshotTestKt > OrdersContact11ScreenPreviewScreenshot > OrdersContact11ScreenPreviewScreenshot > OrdersContact11ScreenPreviewScreenshot_Landscape_Dark_Font100_{device=spec:width=923dp,height=411dp,dpi=420, fontScale=1.0, uiMode=32} FAILED
    com.android.tools.screenshot.ScreenshotRenderException

com.example.scale.orders.ScreenshotTestKt > OrdersContact11ScreenPreviewScreenshot > OrdersContact11ScreenPreviewScreenshot STANDARD_ERROR
    java.lang.OutOfMemoryError: Java heap space

com.example.scale.orders.ScreenshotTestKt > OrdersContact11ScreenPreviewScreenshot > OrdersContact11ScreenPreviewScreenshot > OrdersContact11ScreenPreviewScreenshot_Landscape_Dark_Font150_{device=spec:width=923dp,height=411dp,dpi=420, fontScale=1.5, uiMode=32} FAILED
    com.android.tools.screenshot.ScreenshotRenderException

com.example.scale.orders.ScreenshotTestKt > OrdersContact11ScreenPreviewScreenshot > OrdersContact11ScreenPreviewScreenshot STANDARD_ERROR
    java.lang.OutOfMemoryError: Java heap space

com.example.scale.orders.ScreenshotTestKt > OrdersContact11ScreenPreviewScreenshot > OrdersContact11ScreenPreviewScreenshot > OrdersContact11ScreenPreviewScreenshot_Landscape_Dark_Font200_{device=spec:width=923dp,height=411dp,dpi=420, fontScale=2.0, uiMode=32} FAILED
    com.android.tools.screenshot.ScreenshotRenderException

com.example.scale.orders.ScreenshotTestKt > OrdersBudget10ScreenPreviewScreenshot > OrdersBudget10ScreenPreviewScreenshot STANDARD_ERROR
    java.lang.OutOfMemoryError: Java heap space

com.example.scale.orders.ScreenshotTestKt > OrdersBudget10ScreenPreviewScreenshot > OrdersBudget10ScreenPreviewScreenshot > OrdersBudget10ScreenPreviewScreenshot_Phone_Light_Font100_{device=spec:width=411dp,height=923dp,dpi=420, fontScale=1.0, uiMode=16} FAILED
    com.android.tools.screenshot.ScreenshotRenderException

com.example.scale.orders.ScreenshotTestKt > OrdersBudget10ScreenPreviewScreenshot > OrdersBudget10ScreenPreviewScreenshot STANDARD_ERROR
    java.lang.OutOfMemoryError: Java heap space

com.example.scale.orders.ScreenshotTestKt > OrdersBudget10ScreenPreviewScreenshot > OrdersBudget10ScreenPreviewScreenshot > OrdersBudget10ScreenPreviewScreenshot_Phone_Light_Font150_{device=spec:width=411dp,height=923dp,dpi=420, fontScale=1.5, uiMode=16} FAILED
    com.android.tools.screenshot.ScreenshotRenderException

com.example.scale.orders.ScreenshotTestKt > OrdersBudget10ScreenPreviewScreenshot > OrdersBudget10ScreenPreviewScreenshot STANDARD_ERROR
    java.lang.OutOfMemoryError: Java heap space

com.example.scale.orders.ScreenshotTestKt > OrdersBudget10ScreenPreviewScreenshot > OrdersBudget10ScreenPreviewScreenshot > OrdersBudget10ScreenPreviewScreenshot_Phone_Light_Font200_{device=spec:width=411dp,height=923dp,dpi=420, fontScale=2.0, uiMode=16} FAILED
    com.android.tools.screenshot.ScreenshotRenderException

> Task :feature-search:updateDebugScreenshotTest

com.example.scale.search.ScreenshotTestKt > SearchAlbum11ScreenPreviewScreenshot > SearchAlbum11ScreenPreviewScreenshot > SearchAlbum11ScreenPreviewScreenshot_Landscape_Dark_Font100_{device=spec:width=923dp,height=411dp,dpi=420, fontScale=1.0, uiMode=32} FAILED
    com.android.tools.screenshot.ScreenshotRenderException

com.example.scale.search.ScreenshotTestKt > SearchAlbum11ScreenPreviewScreenshot > SearchAlbum11ScreenPreviewScreenshot > SearchAlbum11ScreenPreviewScreenshot_Landscape_Dark_Font150_{device=spec:width=923dp,height=411dp,dpi=420, fontScale=1.5, uiMode=32} FAILED
    com.android.tools.screenshot.ScreenshotRenderException

com.example.scale.search.ScreenshotTestKt > SearchAlbum11ScreenPreviewScreenshot > SearchAlbum11ScreenPreviewScreenshot > SearchAlbum11ScreenPreviewScreenshot_Landscape_Dark_Font200_{device=spec:width=923dp,height=411dp,dpi=420, fontScale=2.0, uiMode=32} FAILED
    com.android.tools.screenshot.ScreenshotRenderException

com.example.scale.search.ScreenshotTestKt > SearchAlbum10ScreenPreviewScreenshot > SearchAlbum10ScreenPreviewScreenshot > SearchAlbum10ScreenPreviewScreenshot_Phone_Light_Font100_{device=spec:width=411dp,height=923dp,dpi=420, fontScale=1.0, uiMode=16} FAILED
    com.android.tools.screenshot.ScreenshotRenderException

com.example.scale.search.ScreenshotTestKt > SearchAlbum10ScreenPreviewScreenshot > SearchAlbum10ScreenPreviewScreenshot > SearchAlbum10ScreenPreviewScreenshot_Phone_Light_Font150_{device=spec:width=411dp,height=923dp,dpi=420, fontScale=1.5, uiMode=16} FAILED
    com.android.tools.screenshot.ScreenshotRenderException

com.example.scale.search.ScreenshotTestKt > SearchAlbum10ScreenPreviewScreenshot > SearchAlbum10ScreenPreviewScreenshot STANDARD_ERROR
    java.lang.OutOfMemoryError: Java heap space

com.example.scale.search.ScreenshotTestKt > SearchAlbum10ScreenPreviewScreenshot > SearchAlbum10ScreenPreviewScreenshot > SearchAlbum10ScreenPreviewScreenshot_Phone_Light_Font200_{device=spec:width=411dp,height=923dp,dpi=420, fontScale=2.0, uiMode=16} FAILED
    com.android.tools.screenshot.ScreenshotRenderException

com.example.scale.search.ScreenshotTestKt > SearchAlbum10ScreenPreviewScreenshot > SearchAlbum10ScreenPreviewScreenshot > SearchAlbum10ScreenPreviewScreenshot_Phone_Dark_Font100_{device=spec:width=411dp,height=923dp,dpi=420, fontScale=1.0, uiMode=32} FAILED
    com.android.tools.screenshot.ScreenshotRenderException

com.example.scale.search.ScreenshotTestKt > SearchAlbum10ScreenPreviewScreenshot > SearchAlbum10ScreenPreviewScreenshot STANDARD_ERROR
    java.lang.OutOfMemoryError: Java heap space

com.example.scale.search.ScreenshotTestKt > SearchAlbum10ScreenPreviewScreenshot > SearchAlbum10ScreenPreviewScreenshot > SearchAlbum10ScreenPreviewScreenshot_Phone_Dark_Font150_{device=spec:width=411dp,height=923dp,dpi=420, fontScale=1.5, uiMode=32} FAILED
    com.android.tools.screenshot.ScreenshotRenderException

com.example.scale.search.ScreenshotTestKt > SearchAlbum10ScreenPreviewScreenshot > SearchAlbum10ScreenPreviewScreenshot STANDARD_ERROR
    java.lang.OutOfMemoryError: Java heap space

com.example.scale.search.ScreenshotTestKt > SearchAlbum10ScreenPreviewScreenshot > SearchAlbum10ScreenPreviewScreenshot > SearchAlbum10ScreenPreviewScreenshot_Phone_Dark_Font200_{device=spec:width=411dp,height=923dp,dpi=420, fontScale=2.0, uiMode=32} FAILED
    com.android.tools.screenshot.ScreenshotRenderException

com.example.scale.search.ScreenshotTestKt > SearchAlbum10ScreenPreviewScreenshot > SearchAlbum10ScreenPreviewScreenshot STANDARD_ERROR
    java.lang.OutOfMemoryError: Java heap space

com.example.scale.search.ScreenshotTestKt > SearchAlbum10ScreenPreviewScreenshot > SearchAlbum10ScreenPreviewScreenshot > SearchAlbum10ScreenPreviewScreenshot_Foldable_Light_Font100_{device=spec:width=701dp,height=841dp,dpi=420, fontScale=1.0, uiMode=16} FAILED
    com.android.tools.screenshot.ScreenshotRenderException

com.example.scale.search.ScreenshotTestKt > SearchAlbum10ScreenPreviewScreenshot > SearchAlbum10ScreenPreviewScreenshot STANDARD_ERROR
    java.lang.OutOfMemoryError: Java heap space

com.example.scale.search.ScreenshotTestKt > SearchAlbum10ScreenPreviewScreenshot > SearchAlbum10ScreenPreviewScreenshot > SearchAlbum10ScreenPreviewScreenshot_Foldable_Light_Font150_{device=spec:width=701dp,height=841dp,dpi=420, fontScale=1.5, uiMode=16} FAILED
    com.android.tools.screenshot.ScreenshotRenderException

> Task :feature-social:updateDebugScreenshotTest

com.example.scale.social.ScreenshotTestKt > SocialExpense11ScreenPreviewScreenshot > SocialExpense11ScreenPreviewScreenshot STANDARD_ERROR
    java.lang.OutOfMemoryError: Java heap space

com.example.scale.social.ScreenshotTestKt > SocialExpense11ScreenPreviewScreenshot > SocialExpense11ScreenPreviewScreenshot > SocialExpense11ScreenPreviewScreenshot_Phone_Light_Font100_{device=spec:width=411dp,height=923dp,dpi=420, fontScale=1.0, uiMode=16} FAILED
    com.android.tools.screenshot.ScreenshotRenderException

> Task :feature-storage:updateDebugScreenshotTest

com.example.scale.storage.ScreenshotTestKt > StorageReservation4ScreenPreviewScreenshot > StorageReservation4ScreenPreviewScreenshot STANDARD_ERROR
    java.lang.OutOfMemoryError: Java heap space

com.example.scale.storage.ScreenshotTestKt > StorageReservation4ScreenPreviewScreenshot > StorageReservation4ScreenPreviewScreenshot > StorageReservation4ScreenPreviewScreenshot_Tablet_Dark_Font200_{device=spec:width=1280dp,height=800dp,dpi=320, fontScale=2.0, uiMode=32} FAILED
    com.android.tools.screenshot.ScreenshotRenderException

com.example.scale.storage.ScreenshotTestKt > StorageReservation4ScreenPreviewScreenshot > StorageReservation4ScreenPreviewScreenshot STANDARD_ERROR
    java.lang.OutOfMemoryError: Java heap space

com.example.scale.storage.ScreenshotTestKt > StorageReservation4ScreenPreviewScreenshot > StorageReservation4ScreenPreviewScreenshot > StorageReservation4ScreenPreviewScreenshot_Landscape_Light_Font100_{device=spec:width=923dp,height=411dp,dpi=420, fontScale=1.0, uiMode=16} FAILED
    com.android.tools.screenshot.ScreenshotRenderException

com.example.scale.storage.ScreenshotTestKt > StorageReservation4ScreenPreviewScreenshot > StorageReservation4ScreenPreviewScreenshot STANDARD_ERROR
    java.lang.OutOfMemoryError: Java heap space

com.example.scale.storage.ScreenshotTestKt > StorageReservation4ScreenPreviewScreenshot > StorageReservation4ScreenPreviewScreenshot > StorageReservation4ScreenPreviewScreenshot_Landscape_Light_Font150_{device=spec:width=923dp,height=411dp,dpi=420, fontScale=1.5, uiMode=16} FAILED
    com.android.tools.screenshot.ScreenshotRenderException

com.example.scale.storage.ScreenshotTestKt > StorageReservation4ScreenPreviewScreenshot > StorageReservation4ScreenPreviewScreenshot STANDARD_ERROR
    java.lang.OutOfMemoryError: Java heap space

com.example.scale.storage.ScreenshotTestKt > StorageReservation4ScreenPreviewScreenshot > StorageReservation4ScreenPreviewScreenshot > StorageReservation4ScreenPreviewScreenshot_Landscape_Light_Font200_{device=spec:width=923dp,height=411dp,dpi=420, fontScale=2.0, uiMode=16} FAILED
    com.android.tools.screenshot.ScreenshotRenderException

com.example.scale.storage.ScreenshotTestKt > StorageReservation4ScreenPreviewScreenshot > StorageReservation4ScreenPreviewScreenshot STANDARD_ERROR
    java.lang.OutOfMemoryError: Java heap space

com.example.scale.storage.ScreenshotTestKt > StorageReservation4ScreenPreviewScreenshot > StorageReservation4ScreenPreviewScreenshot > StorageReservation4ScreenPreviewScreenshot_Landscape_Dark_Font100_{device=spec:width=923dp,height=411dp,dpi=420, fontScale=1.0, uiMode=32} FAILED
    com.android.tools.screenshot.ScreenshotRenderException

com.example.scale.storage.ScreenshotTestKt > StorageReservation4ScreenPreviewScreenshot > StorageReservation4ScreenPreviewScreenshot STANDARD_ERROR
    java.lang.OutOfMemoryError: Java heap space

com.example.scale.storage.ScreenshotTestKt > StorageReservation4ScreenPreviewScreenshot > StorageReservation4ScreenPreviewScreenshot > StorageReservation4ScreenPreviewScreenshot_Landscape_Dark_Font150_{device=spec:width=923dp,height=411dp,dpi=420, fontScale=1.5, uiMode=32} FAILED
    com.android.tools.screenshot.ScreenshotRenderException


Exception: java.lang.OutOfMemoryError thrown from the UncaughtExceptionHandler in thread "ApplicationImpl pooled thread 2"

> Task :feature-search:updateDebugScreenshotTest

com.example.scale.search.ScreenshotTestKt > SearchAlbum10ScreenPreviewScreenshot > SearchAlbum10ScreenPreviewScreenshot STANDARD_ERROR
    java.lang.OutOfMemoryError: Java heap space

com.example.scale.search.ScreenshotTestKt > SearchAlbum10ScreenPreviewScreenshot > SearchAlbum10ScreenPreviewScreenshot > SearchAlbum10ScreenPreviewScreenshot_Foldable_Light_Font200_{device=spec:width=701dp,height=841dp,dpi=420, fontScale=2.0, uiMode=16} FAILED
    com.android.tools.screenshot.ScreenshotRenderException

com.example.scale.search.ScreenshotTestKt > SearchAlbum10ScreenPreviewScreenshot > SearchAlbum10ScreenPreviewScreenshot STANDARD_ERROR
    java.lang.OutOfMemoryError: Java heap space

com.example.scale.search.ScreenshotTestKt > SearchAlbum10ScreenPreviewScreenshot > SearchAlbum10ScreenPreviewScreenshot > SearchAlbum10ScreenPreviewScreenshot_Foldable_Dark_Font100_{device=spec:width=701dp,height=841dp,dpi=420, fontScale=1.0, uiMode=32} FAILED
    com.android.tools.screenshot.ScreenshotRenderException

> Task :feature-teams:updateDebugScreenshotTest

com.example.scale.teams.ScreenshotTestKt > TeamsTicket1ScreenPreviewScreenshot > TeamsTicket1ScreenPreviewScreenshot > TeamsTicket1ScreenPreviewScreenshot_Foldable_Dark_Font100_{device=spec:width=701dp,height=841dp,dpi=420, fontScale=1.0, uiMode=32} FAILED
    com.android.tools.screenshot.ScreenshotRenderException

> Task :feature-orders:updateDebugScreenshotTest

com.example.scale.orders.ScreenshotTestKt > OrdersBudget10ScreenPreviewScreenshot > OrdersBudget10ScreenPreviewScreenshot STANDARD_ERROR
    java.lang.OutOfMemoryError: Java heap space

com.example.scale.orders.ScreenshotTestKt > OrdersBudget10ScreenPreviewScreenshot > OrdersBudget10ScreenPreviewScreenshot > OrdersBudget10ScreenPreviewScreenshot_Phone_Dark_Font100_{device=spec:width=411dp,height=923dp,dpi=420, fontScale=1.0, uiMode=32} FAILED
    com.android.tools.screenshot.ScreenshotRenderException

com.example.scale.orders.ScreenshotTestKt > OrdersBudget10ScreenPreviewScreenshot > OrdersBudget10ScreenPreviewScreenshot > OrdersBudget10ScreenPreviewScreenshot_Phone_Dark_Font150_{device=spec:width=411dp,height=923dp,dpi=420, fontScale=1.5, uiMode=32} FAILED
    com.android.tools.screenshot.ScreenshotRenderException

com.example.scale.orders.ScreenshotTestKt > OrdersBudget10ScreenPreviewScreenshot > OrdersBudget10ScreenPreviewScreenshot > OrdersBudget10ScreenPreviewScreenshot_Phone_Dark_Font200_{device=spec:width=411dp,height=923dp,dpi=420, fontScale=2.0, uiMode=32} FAILED
    com.android.tools.screenshot.ScreenshotRenderException

com.example.scale.orders.ScreenshotTestKt > OrdersBudget10ScreenPreviewScreenshot > OrdersBudget10ScreenPreviewScreenshot > OrdersBudget10ScreenPreviewScreenshot_Foldable_Light_Font100_{device=spec:width=701dp,height=841dp,dpi=420, fontScale=1.0, uiMode=16} FAILED
    com.android.tools.screenshot.ScreenshotRenderException

com.example.scale.orders.ScreenshotTestKt > OrdersBudget10ScreenPreviewScreenshot > OrdersBudget10ScreenPreviewScreenshot > OrdersBudget10ScreenPreviewScreenshot_Foldable_Light_Font150_{device=spec:width=701dp,height=841dp,dpi=420, fontScale=1.5, uiMode=16} FAILED
    com.android.tools.screenshot.ScreenshotRenderException

com.example.scale.orders.ScreenshotTestKt > OrdersBudget10ScreenPreviewScreenshot > OrdersBudget10ScreenPreviewScreenshot > OrdersBudget10ScreenPreviewScreenshot_Foldable_Light_Font200_{device=spec:width=701dp,height=841dp,dpi=420, fontScale=2.0, uiMode=16} FAILED
    com.android.tools.screenshot.ScreenshotRenderException

com.example.scale.orders.ScreenshotTestKt > OrdersBudget10ScreenPreviewScreenshot > OrdersBudget10ScreenPreviewScreenshot > OrdersBudget10ScreenPreviewScreenshot_Foldable_Dark_Font100_{device=spec:width=701dp,height=841dp,dpi=420, fontScale=1.0, uiMode=32} FAILED
    com.android.tools.screenshot.ScreenshotRenderException

com.example.scale.orders.ScreenshotTestKt > OrdersBudget10ScreenPreviewScreenshot > OrdersBudget10ScreenPreviewScreenshot > OrdersBudget10ScreenPreviewScreenshot_Foldable_Dark_Font150_{device=spec:width=701dp,height=841dp,dpi=420, fontScale=1.5, uiMode=32} FAILED
    com.android.tools.screenshot.ScreenshotRenderException

> Task :feature-search:updateDebugScreenshotTest

com.example.scale.search.ScreenshotTestKt > SearchAlbum10ScreenPreviewScreenshot > SearchAlbum10ScreenPreviewScreenshot STANDARD_ERROR
    java.lang.OutOfMemoryError: Java heap space

com.example.scale.search.ScreenshotTestKt > SearchAlbum10ScreenPreviewScreenshot > SearchAlbum10ScreenPreviewScreenshot > SearchAlbum10ScreenPreviewScreenshot_Foldable_Dark_Font150_{device=spec:width=701dp,height=841dp,dpi=420, fontScale=1.5, uiMode=32} FAILED
    com.android.tools.screenshot.ScreenshotRenderException

com.example.scale.search.ScreenshotTestKt > SearchAlbum10ScreenPreviewScreenshot > SearchAlbum10ScreenPreviewScreenshot > SearchAlbum10ScreenPreviewScreenshot_Foldable_Dark_Font200_{device=spec:width=701dp,height=841dp,dpi=420, fontScale=2.0, uiMode=32} FAILED
    com.android.tools.screenshot.ScreenshotRenderException


Exception: java.lang.OutOfMemoryError thrown from the UncaughtExceptionHandler in thread "ApplicationImpl pooled thread 1"

> Task :feature-orders:updateDebugScreenshotTest

com.example.scale.orders.ScreenshotTestKt > OrdersBudget10ScreenPreviewScreenshot > OrdersBudget10ScreenPreviewScreenshot > OrdersBudget10ScreenPreviewScreenshot_Foldable_Dark_Font200_{device=spec:width=701dp,height=841dp,dpi=420, fontScale=2.0, uiMode=32} FAILED
    com.android.tools.screenshot.ScreenshotRenderException

com.example.scale.orders.ScreenshotTestKt > OrdersBudget10ScreenPreviewScreenshot > OrdersBudget10ScreenPreviewScreenshot > OrdersBudget10ScreenPreviewScreenshot_Tablet_Light_Font100_{device=spec:width=1280dp,height=800dp,dpi=320, fontScale=1.0, uiMode=16} FAILED
    com.android.tools.screenshot.ScreenshotRenderException

com.example.scale.orders.ScreenshotTestKt > OrdersBudget10ScreenPreviewScreenshot > OrdersBudget10ScreenPreviewScreenshot > OrdersBudget10ScreenPreviewScreenshot_Tablet_Light_Font150_{device=spec:width=1280dp,height=800dp,dpi=320, fontScale=1.5, uiMode=16} FAILED
    com.android.tools.screenshot.ScreenshotRenderException

com.example.scale.orders.ScreenshotTestKt > OrdersBudget10ScreenPreviewScreenshot > OrdersBudget10ScreenPreviewScreenshot > OrdersBudget10ScreenPreviewScreenshot_Tablet_Light_Font200_{device=spec:width=1280dp,height=800dp,dpi=320, fontScale=2.0, uiMode=16} FAILED
    com.android.tools.screenshot.ScreenshotRenderException

com.example.scale.orders.ScreenshotTestKt > OrdersBudget10ScreenPreviewScreenshot > OrdersBudget10ScreenPreviewScreenshot > OrdersBudget10ScreenPreviewScreenshot_Tablet_Dark_Font100_{device=spec:width=1280dp,height=800dp,dpi=320, fontScale=1.0, uiMode=32} FAILED
    com.android.tools.screenshot.ScreenshotRenderException

> Task :feature-teams:updateDebugScreenshotTest

com.example.scale.teams.ScreenshotTestKt > TeamsTicket1ScreenPreviewScreenshot > TeamsTicket1ScreenPreviewScreenshot > TeamsTicket1ScreenPreviewScreenshot_Foldable_Dark_Font200_{device=spec:width=701dp,height=841dp,dpi=420, fontScale=2.0, uiMode=32} FAILED
    com.android.tools.screenshot.ScreenshotRenderException

com.example.scale.teams.ScreenshotTestKt > TeamsTicket1ScreenPreviewScreenshot > TeamsTicket1ScreenPreviewScreenshot > TeamsTicket1ScreenPreviewScreenshot_Tablet_Light_Font100_{device=spec:width=1280dp,height=800dp,dpi=320, fontScale=1.0, uiMode=16} FAILED
    com.android.tools.screenshot.ScreenshotRenderException

com.example.scale.teams.ScreenshotTestKt > TeamsTicket1ScreenPreviewScreenshot > TeamsTicket1ScreenPreviewScreenshot > TeamsTicket1ScreenPreviewScreenshot_Tablet_Light_Font150_{device=spec:width=1280dp,height=800dp,dpi=320, fontScale=1.5, uiMode=16} FAILED
    com.android.tools.screenshot.ScreenshotRenderException

com.example.scale.teams.ScreenshotTestKt > TeamsTicket1ScreenPreviewScreenshot > TeamsTicket1ScreenPreviewScreenshot > TeamsTicket1ScreenPreviewScreenshot_Tablet_Light_Font200_{device=spec:width=1280dp,height=800dp,dpi=320, fontScale=2.0, uiMode=16} FAILED
    com.android.tools.screenshot.ScreenshotRenderException

com.example.scale.teams.ScreenshotTestKt > TeamsTicket1ScreenPreviewScreenshot > TeamsTicket1ScreenPreviewScreenshot > TeamsTicket1ScreenPreviewScreenshot_Tablet_Dark_Font100_{device=spec:width=1280dp,height=800dp,dpi=320, fontScale=1.0, uiMode=32} FAILED
    com.android.tools.screenshot.ScreenshotRenderException

com.example.scale.teams.ScreenshotTestKt > TeamsTicket1ScreenPreviewScreenshot > TeamsTicket1ScreenPreviewScreenshot > TeamsTicket1ScreenPreviewScreenshot_Tablet_Dark_Font150_{device=spec:width=1280dp,height=800dp,dpi=320, fontScale=1.5, uiMode=32} FAILED
    com.android.tools.screenshot.ScreenshotRenderException

com.example.scale.teams.ScreenshotTestKt > TeamsTicket1ScreenPreviewScreenshot > TeamsTicket1ScreenPreviewScreenshot STANDARD_ERROR
    java.lang.OutOfMemoryError: Java heap space

com.example.scale.teams.ScreenshotTestKt > TeamsTicket1ScreenPreviewScreenshot > TeamsTicket1ScreenPreviewScreenshot > TeamsTicket1ScreenPreviewScreenshot_Tablet_Dark_Font200_{device=spec:width=1280dp,height=800dp,dpi=320, fontScale=2.0, uiMode=32} FAILED
    com.android.tools.screenshot.ScreenshotRenderException

com.example.scale.teams.ScreenshotTestKt > TeamsTicket1ScreenPreviewScreenshot > TeamsTicket1ScreenPreviewScreenshot > TeamsTicket1ScreenPreviewScreenshot_Landscape_Light_Font100_{device=spec:width=923dp,height=411dp,dpi=420, fontScale=1.0, uiMode=16} FAILED
    com.android.tools.screenshot.ScreenshotRenderException

com.example.scale.teams.ScreenshotTestKt > TeamsTicket1ScreenPreviewScreenshot > TeamsTicket1ScreenPreviewScreenshot > TeamsTicket1ScreenPreviewScreenshot_Landscape_Light_Font150_{device=spec:width=923dp,height=411dp,dpi=420, fontScale=1.5, uiMode=16} FAILED
    com.android.tools.screenshot.ScreenshotRenderException


Exception: java.lang.OutOfMemoryError thrown from the UncaughtExceptionHandler in thread "ApplicationImpl pooled thread 2"

> Task :feature-orders:updateDebugScreenshotTest

com.example.scale.orders.ScreenshotTestKt > OrdersBudget10ScreenPreviewScreenshot > OrdersBudget10ScreenPreviewScreenshot > OrdersBudget10ScreenPreviewScreenshot_Tablet_Dark_Font150_{device=spec:width=1280dp,height=800dp,dpi=320, fontScale=1.5, uiMode=32} FAILED
    com.android.tools.screenshot.ScreenshotRenderException

com.example.scale.orders.ScreenshotTestKt > OrdersBudget10ScreenPreviewScreenshot > OrdersBudget10ScreenPreviewScreenshot > OrdersBudget10ScreenPreviewScreenshot_Tablet_Dark_Font200_{device=spec:width=1280dp,height=800dp,dpi=320, fontScale=2.0, uiMode=32} FAILED
    com.android.tools.screenshot.ScreenshotRenderException

com.example.scale.orders.ScreenshotTestKt > OrdersBudget10ScreenPreviewScreenshot > OrdersBudget10ScreenPreviewScreenshot > OrdersBudget10ScreenPreviewScreenshot_Landscape_Light_Font100_{device=spec:width=923dp,height=411dp,dpi=420, fontScale=1.0, uiMode=16} FAILED
    com.android.tools.screenshot.ScreenshotRenderException

com.example.scale.orders.ScreenshotTestKt > OrdersBudget10ScreenPreviewScreenshot > OrdersBudget10ScreenPreviewScreenshot > OrdersBudget10ScreenPreviewScreenshot_Landscape_Light_Font150_{device=spec:width=923dp,height=411dp,dpi=420, fontScale=1.5, uiMode=16} FAILED
    com.android.tools.screenshot.ScreenshotRenderException

com.example.scale.orders.ScreenshotTestKt > OrdersBudget10ScreenPreviewScreenshot > OrdersBudget10ScreenPreviewScreenshot > OrdersBudget10ScreenPreviewScreenshot_Landscape_Light_Font200_{device=spec:width=923dp,height=411dp,dpi=420, fontScale=2.0, uiMode=16} FAILED
    com.android.tools.screenshot.ScreenshotRenderException

com.example.scale.orders.ScreenshotTestKt > OrdersBudget10ScreenPreviewScreenshot > OrdersBudget10ScreenPreviewScreenshot > OrdersBudget10ScreenPreviewScreenshot_Landscape_Dark_Font100_{device=spec:width=923dp,height=411dp,dpi=420, fontScale=1.0, uiMode=32} FAILED
    com.android.tools.screenshot.ScreenshotRenderException

com.example.scale.orders.ScreenshotTestKt > OrdersBudget10ScreenPreviewScreenshot > OrdersBudget10ScreenPreviewScreenshot > OrdersBudget10ScreenPreviewScreenshot_Landscape_Dark_Font150_{device=spec:width=923dp,height=411dp,dpi=420, fontScale=1.5, uiMode=32} FAILED
    com.android.tools.screenshot.ScreenshotRenderException

com.example.scale.orders.ScreenshotTestKt > OrdersBudget10ScreenPreviewScreenshot > OrdersBudget10ScreenPreviewScreenshot > OrdersBudget10ScreenPreviewScreenshot_Landscape_Dark_Font200_{device=spec:width=923dp,height=411dp,dpi=420, fontScale=2.0, uiMode=32} FAILED
    com.android.tools.screenshot.ScreenshotRenderException

com.example.scale.orders.ScreenshotTestKt > OrdersTicket12ScreenPreviewScreenshot > OrdersTicket12ScreenPreviewScreenshot > OrdersTicket12ScreenPreviewScreenshot_Phone_Light_Font100_{device=spec:width=411dp,height=923dp,dpi=420, fontScale=1.0, uiMode=16} FAILED
    com.android.tools.screenshot.ScreenshotRenderException

com.example.scale.orders.ScreenshotTestKt > OrdersTicket12ScreenPreviewScreenshot > OrdersTicket12ScreenPreviewScreenshot > OrdersTicket12ScreenPreviewScreenshot_Phone_Light_Font150_{device=spec:width=411dp,height=923dp,dpi=420, fontScale=1.5, uiMode=16} FAILED
    com.android.tools.screenshot.ScreenshotRenderException

com.example.scale.orders.ScreenshotTestKt > OrdersTicket12ScreenPreviewScreenshot > OrdersTicket12ScreenPreviewScreenshot > OrdersTicket12ScreenPreviewScreenshot_Phone_Light_Font200_{device=spec:width=411dp,height=923dp,dpi=420, fontScale=2.0, uiMode=16} FAILED
    com.android.tools.screenshot.ScreenshotRenderException

com.example.scale.orders.ScreenshotTestKt > OrdersTicket12ScreenPreviewScreenshot > OrdersTicket12ScreenPreviewScreenshot > OrdersTicket12ScreenPreviewScreenshot_Phone_Dark_Font100_{device=spec:width=411dp,height=923dp,dpi=420, fontScale=1.0, uiMode=32} FAILED
    com.android.tools.screenshot.ScreenshotRenderException

com.example.scale.orders.ScreenshotTestKt > OrdersTicket12ScreenPreviewScreenshot > OrdersTicket12ScreenPreviewScreenshot > OrdersTicket12ScreenPreviewScreenshot_Phone_Dark_Font150_{device=spec:width=411dp,height=923dp,dpi=420, fontScale=1.5, uiMode=32} FAILED
    com.android.tools.screenshot.ScreenshotRenderException

> Task :feature-teams:updateDebugScreenshotTest

com.example.scale.teams.ScreenshotTestKt > TeamsTicket1ScreenPreviewScreenshot > TeamsTicket1ScreenPreviewScreenshot > TeamsTicket1ScreenPreviewScreenshot_Landscape_Light_Font200_{device=spec:width=923dp,height=411dp,dpi=420, fontScale=2.0, uiMode=16} FAILED
    com.android.tools.screenshot.ScreenshotRenderException

com.example.scale.teams.ScreenshotTestKt > TeamsTicket1ScreenPreviewScreenshot > TeamsTicket1ScreenPreviewScreenshot > TeamsTicket1ScreenPreviewScreenshot_Landscape_Dark_Font100_{device=spec:width=923dp,height=411dp,dpi=420, fontScale=1.0, uiMode=32} FAILED
    com.android.tools.screenshot.ScreenshotRenderException

com.example.scale.teams.ScreenshotTestKt > TeamsTicket1ScreenPreviewScreenshot > TeamsTicket1ScreenPreviewScreenshot STANDARD_ERROR
    java.lang.OutOfMemoryError: Java heap space

com.example.scale.teams.ScreenshotTestKt > TeamsTicket1ScreenPreviewScreenshot > TeamsTicket1ScreenPreviewScreenshot > TeamsTicket1ScreenPreviewScreenshot_Landscape_Dark_Font150_{device=spec:width=923dp,height=411dp,dpi=420, fontScale=1.5, uiMode=32} FAILED
    com.android.tools.screenshot.ScreenshotRenderException

com.example.scale.teams.ScreenshotTestKt > TeamsTicket1ScreenPreviewScreenshot > TeamsTicket1ScreenPreviewScreenshot STANDARD_ERROR
    java.lang.OutOfMemoryError: Java heap space

com.example.scale.teams.ScreenshotTestKt > TeamsTicket1ScreenPreviewScreenshot > TeamsTicket1ScreenPreviewScreenshot > TeamsTicket1ScreenPreviewScreenshot_Landscape_Dark_Font200_{device=spec:width=923dp,height=411dp,dpi=420, fontScale=2.0, uiMode=32} FAILED
    com.android.tools.screenshot.ScreenshotRenderException

com.example.scale.teams.ScreenshotTestKt > TeamsHabit9ScreenPreviewScreenshot > TeamsHabit9ScreenPreviewScreenshot STANDARD_ERROR
    java.lang.OutOfMemoryError: Java heap space

com.example.scale.teams.ScreenshotTestKt > TeamsHabit9ScreenPreviewScreenshot > TeamsHabit9ScreenPreviewScreenshot > TeamsHabit9ScreenPreviewScreenshot_Phone_Light_Font100_{device=spec:width=411dp,height=923dp,dpi=420, fontScale=1.0, uiMode=16} FAILED
    com.android.tools.screenshot.ScreenshotRenderException

com.example.scale.teams.ScreenshotTestKt > TeamsHabit9ScreenPreviewScreenshot > TeamsHabit9ScreenPreviewScreenshot STANDARD_ERROR
    java.lang.OutOfMemoryError: Java heap space

com.example.scale.teams.ScreenshotTestKt > TeamsHabit9ScreenPreviewScreenshot > TeamsHabit9ScreenPreviewScreenshot > TeamsHabit9ScreenPreviewScreenshot_Phone_Light_Font150_{device=spec:width=411dp,height=923dp,dpi=420, fontScale=1.5, uiMode=16} FAILED
    com.android.tools.screenshot.ScreenshotRenderException


Exception: java.lang.OutOfMemoryError thrown from the UncaughtExceptionHandler in thread "ApplicationImpl pooled thread 3"

> Task :feature-orders:updateDebugScreenshotTest

com.example.scale.orders.ScreenshotTestKt > OrdersTicket12ScreenPreviewScreenshot > OrdersTicket12ScreenPreviewScreenshot > OrdersTicket12ScreenPreviewScreenshot_Phone_Dark_Font200_{device=spec:width=411dp,height=923dp,dpi=420, fontScale=2.0, uiMode=32} FAILED
    com.android.tools.screenshot.ScreenshotRenderException

> Task :feature-travel:updateDebugScreenshotTest

com.example.scale.travel.ScreenshotTestKt > TravelPayment1ScreenPreviewScreenshot > TravelPayment1ScreenPreviewScreenshot > TravelPayment1ScreenPreviewScreenshot_Tablet_Dark_Font100_{device=spec:width=1280dp,height=800dp,dpi=320, fontScale=1.0, uiMode=32} FAILED
    com.android.tools.screenshot.ScreenshotRenderException

com.example.scale.travel.ScreenshotTestKt > TravelPayment1ScreenPreviewScreenshot > TravelPayment1ScreenPreviewScreenshot > TravelPayment1ScreenPreviewScreenshot_Tablet_Dark_Font200_{device=spec:width=1280dp,height=800dp,dpi=320, fontScale=2.0, uiMode=32} FAILED
    com.android.tools.screenshot.ScreenshotRenderException


Exception: java.lang.OutOfMemoryError thrown from the UncaughtExceptionHandler in thread "ApplicationImpl pooled thread 1"

> Task :feature-orders:updateDebugScreenshotTest

com.example.scale.orders.ScreenshotTestKt > OrdersTicket12ScreenPreviewScreenshot > OrdersTicket12ScreenPreviewScreenshot > OrdersTicket12ScreenPreviewScreenshot_Foldable_Light_Font100_{device=spec:width=701dp,height=841dp,dpi=420, fontScale=1.0, uiMode=16} FAILED
    com.android.tools.screenshot.ScreenshotRenderException

com.example.scale.orders.ScreenshotTestKt > OrdersTicket12ScreenPreviewScreenshot > OrdersTicket12ScreenPreviewScreenshot > OrdersTicket12ScreenPreviewScreenshot_Foldable_Light_Font150_{device=spec:width=701dp,height=841dp,dpi=420, fontScale=1.5, uiMode=16} FAILED
    com.android.tools.screenshot.ScreenshotRenderException

com.example.scale.orders.ScreenshotTestKt > OrdersTicket12ScreenPreviewScreenshot > OrdersTicket12ScreenPreviewScreenshot > OrdersTicket12ScreenPreviewScreenshot_Foldable_Light_Font200_{device=spec:width=701dp,height=841dp,dpi=420, fontScale=2.0, uiMode=16} FAILED
    com.android.tools.screenshot.ScreenshotRenderException

com.example.scale.orders.ScreenshotTestKt > OrdersTicket12ScreenPreviewScreenshot > OrdersTicket12ScreenPreviewScreenshot > OrdersTicket12ScreenPreviewScreenshot_Foldable_Dark_Font100_{device=spec:width=701dp,height=841dp,dpi=420, fontScale=1.0, uiMode=32} FAILED
    com.android.tools.screenshot.ScreenshotRenderException

com.example.scale.orders.ScreenshotTestKt > OrdersTicket12ScreenPreviewScreenshot > OrdersTicket12ScreenPreviewScreenshot > OrdersTicket12ScreenPreviewScreenshot_Foldable_Dark_Font150_{device=spec:width=701dp,height=841dp,dpi=420, fontScale=1.5, uiMode=32} FAILED
    com.android.tools.screenshot.ScreenshotRenderException

com.example.scale.orders.ScreenshotTestKt > OrdersTicket12ScreenPreviewScreenshot > OrdersTicket12ScreenPreviewScreenshot > OrdersTicket12ScreenPreviewScreenshot_Foldable_Dark_Font200_{device=spec:width=701dp,height=841dp,dpi=420, fontScale=2.0, uiMode=32} FAILED
    com.android.tools.screenshot.ScreenshotRenderException

com.example.scale.orders.ScreenshotTestKt > OrdersTicket12ScreenPreviewScreenshot > OrdersTicket12ScreenPreviewScreenshot > OrdersTicket12ScreenPreviewScreenshot_Tablet_Light_Font100_{device=spec:width=1280dp,height=800dp,dpi=320, fontScale=1.0, uiMode=16} FAILED
    com.android.tools.screenshot.ScreenshotRenderException

com.example.scale.orders.ScreenshotTestKt > OrdersTicket12ScreenPreviewScreenshot > OrdersTicket12ScreenPreviewScreenshot > OrdersTicket12ScreenPreviewScreenshot_Tablet_Light_Font150_{device=spec:width=1280dp,height=800dp,dpi=320, fontScale=1.5, uiMode=16} FAILED
    com.android.tools.screenshot.ScreenshotRenderException

com.example.scale.orders.ScreenshotTestKt > OrdersTicket12ScreenPreviewScreenshot > OrdersTicket12ScreenPreviewScreenshot > OrdersTicket12ScreenPreviewScreenshot_Tablet_Light_Font200_{device=spec:width=1280dp,height=800dp,dpi=320, fontScale=2.0, uiMode=16} FAILED
    com.android.tools.screenshot.ScreenshotRenderException

com.example.scale.orders.ScreenshotTestKt > OrdersTicket12ScreenPreviewScreenshot > OrdersTicket12ScreenPreviewScreenshot > OrdersTicket12ScreenPreviewScreenshot_Tablet_Dark_Font100_{device=spec:width=1280dp,height=800dp,dpi=320, fontScale=1.0, uiMode=32} FAILED
    com.android.tools.screenshot.ScreenshotRenderException


Exception: java.lang.OutOfMemoryError thrown from the UncaughtExceptionHandler in thread "ApplicationImpl pooled thread 2"

> Task :feature-orders:updateDebugScreenshotTest

com.example.scale.orders.ScreenshotTestKt > OrdersTicket12ScreenPreviewScreenshot > OrdersTicket12ScreenPreviewScreenshot > OrdersTicket12ScreenPreviewScreenshot_Tablet_Dark_Font150_{device=spec:width=1280dp,height=800dp,dpi=320, fontScale=1.5, uiMode=32} FAILED
    com.android.tools.screenshot.ScreenshotRenderException

com.example.scale.orders.ScreenshotTestKt > OrdersTicket12ScreenPreviewScreenshot > OrdersTicket12ScreenPreviewScreenshot > OrdersTicket12ScreenPreviewScreenshot_Tablet_Dark_Font200_{device=spec:width=1280dp,height=800dp,dpi=320, fontScale=2.0, uiMode=32} FAILED
    com.android.tools.screenshot.ScreenshotRenderException

com.example.scale.orders.ScreenshotTestKt > OrdersTicket12ScreenPreviewScreenshot > OrdersTicket12ScreenPreviewScreenshot > OrdersTicket12ScreenPreviewScreenshot_Landscape_Light_Font100_{device=spec:width=923dp,height=411dp,dpi=420, fontScale=1.0, uiMode=16} FAILED
    com.android.tools.screenshot.ScreenshotRenderException

com.example.scale.orders.ScreenshotTestKt > OrdersTicket12ScreenPreviewScreenshot > OrdersTicket12ScreenPreviewScreenshot > OrdersTicket12ScreenPreviewScreenshot_Landscape_Light_Font150_{device=spec:width=923dp,height=411dp,dpi=420, fontScale=1.5, uiMode=16} FAILED
    com.android.tools.screenshot.ScreenshotRenderException

> Task :feature-teams:updateDebugScreenshotTest

com.example.scale.teams.ScreenshotTestKt > TeamsHabit9ScreenPreviewScreenshot > TeamsHabit9ScreenPreviewScreenshot STANDARD_ERROR
    java.lang.OutOfMemoryError: Java heap space

com.example.scale.teams.ScreenshotTestKt > TeamsHabit9ScreenPreviewScreenshot > TeamsHabit9ScreenPreviewScreenshot > TeamsHabit9ScreenPreviewScreenshot_Phone_Light_Font200_{device=spec:width=411dp,height=923dp,dpi=420, fontScale=2.0, uiMode=16} FAILED
    com.android.tools.screenshot.ScreenshotRenderException

com.example.scale.teams.ScreenshotTestKt > TeamsHabit9ScreenPreviewScreenshot > TeamsHabit9ScreenPreviewScreenshot > TeamsHabit9ScreenPreviewScreenshot_Phone_Dark_Font100_{device=spec:width=411dp,height=923dp,dpi=420, fontScale=1.0, uiMode=32} FAILED
    com.android.tools.screenshot.ScreenshotRenderException

com.example.scale.teams.ScreenshotTestKt > TeamsHabit9ScreenPreviewScreenshot > TeamsHabit9ScreenPreviewScreenshot > TeamsHabit9ScreenPreviewScreenshot_Phone_Dark_Font150_{device=spec:width=411dp,height=923dp,dpi=420, fontScale=1.5, uiMode=32} FAILED
    com.android.tools.screenshot.ScreenshotRenderException

com.example.scale.teams.ScreenshotTestKt > TeamsHabit9ScreenPreviewScreenshot > TeamsHabit9ScreenPreviewScreenshot > TeamsHabit9ScreenPreviewScreenshot_Phone_Dark_Font200_{device=spec:width=411dp,height=923dp,dpi=420, fontScale=2.0, uiMode=32} FAILED
    com.android.tools.screenshot.ScreenshotRenderException

> Task :feature-travel:updateDebugScreenshotTest

com.example.scale.travel.ScreenshotTestKt > TravelPayment1ScreenPreviewScreenshot > TravelPayment1ScreenPreviewScreenshot > TravelPayment1ScreenPreviewScreenshot_Landscape_Dark_Font200_{device=spec:width=923dp,height=411dp,dpi=420, fontScale=2.0, uiMode=32} FAILED
    com.android.tools.screenshot.ScreenshotRenderException

com.example.scale.travel.ScreenshotTestKt > TravelAlbum11ScreenPreviewScreenshot > TravelAlbum11ScreenPreviewScreenshot > TravelAlbum11ScreenPreviewScreenshot_Phone_Light_Font150_{device=spec:width=411dp,height=923dp,dpi=420, fontScale=1.5, uiMode=16} FAILED
    com.android.tools.screenshot.ScreenshotRenderException

com.example.scale.travel.ScreenshotTestKt > TravelAlbum11ScreenPreviewScreenshot > TravelAlbum11ScreenPreviewScreenshot > TravelAlbum11ScreenPreviewScreenshot_Phone_Light_Font200_{device=spec:width=411dp,height=923dp,dpi=420, fontScale=2.0, uiMode=16} FAILED
    com.android.tools.screenshot.ScreenshotRenderException

com.example.scale.travel.ScreenshotTestKt > TravelAlbum11ScreenPreviewScreenshot > TravelAlbum11ScreenPreviewScreenshot > TravelAlbum11ScreenPreviewScreenshot_Phone_Dark_Font100_{device=spec:width=411dp,height=923dp,dpi=420, fontScale=1.0, uiMode=32} FAILED
    com.android.tools.screenshot.ScreenshotRenderException


Exception: java.lang.OutOfMemoryError thrown from the UncaughtExceptionHandler in thread "ApplicationImpl pooled thread 2"

> Task :feature-orders:updateDebugScreenshotTest

com.example.scale.orders.ScreenshotTestKt > OrdersTicket12ScreenPreviewScreenshot > OrdersTicket12ScreenPreviewScreenshot > OrdersTicket12ScreenPreviewScreenshot_Landscape_Light_Font200_{device=spec:width=923dp,height=411dp,dpi=420, fontScale=2.0, uiMode=16} FAILED
    com.android.tools.screenshot.ScreenshotRenderException

com.example.scale.orders.ScreenshotTestKt > OrdersTicket12ScreenPreviewScreenshot > OrdersTicket12ScreenPreviewScreenshot > OrdersTicket12ScreenPreviewScreenshot_Landscape_Dark_Font100_{device=spec:width=923dp,height=411dp,dpi=420, fontScale=1.0, uiMode=32} FAILED
    com.android.tools.screenshot.ScreenshotRenderException

com.example.scale.orders.ScreenshotTestKt > OrdersTicket12ScreenPreviewScreenshot > OrdersTicket12ScreenPreviewScreenshot > OrdersTicket12ScreenPreviewScreenshot_Landscape_Dark_Font150_{device=spec:width=923dp,height=411dp,dpi=420, fontScale=1.5, uiMode=32} FAILED
    com.android.tools.screenshot.ScreenshotRenderException

> Task :feature-teams:updateDebugScreenshotTest

com.example.scale.teams.ScreenshotTestKt > TeamsHabit9ScreenPreviewScreenshot > TeamsHabit9ScreenPreviewScreenshot > TeamsHabit9ScreenPreviewScreenshot_Foldable_Light_Font100_{device=spec:width=701dp,height=841dp,dpi=420, fontScale=1.0, uiMode=16} FAILED
    com.android.tools.screenshot.ScreenshotRenderException

com.example.scale.teams.ScreenshotTestKt > TeamsHabit9ScreenPreviewScreenshot > TeamsHabit9ScreenPreviewScreenshot > TeamsHabit9ScreenPreviewScreenshot_Foldable_Light_Font150_{device=spec:width=701dp,height=841dp,dpi=420, fontScale=1.5, uiMode=16} FAILED
    com.android.tools.screenshot.ScreenshotRenderException

com.example.scale.teams.ScreenshotTestKt > TeamsHabit9ScreenPreviewScreenshot > TeamsHabit9ScreenPreviewScreenshot > TeamsHabit9ScreenPreviewScreenshot_Foldable_Light_Font200_{device=spec:width=701dp,height=841dp,dpi=420, fontScale=2.0, uiMode=16} FAILED
    com.android.tools.screenshot.ScreenshotRenderException

com.example.scale.teams.ScreenshotTestKt > TeamsHabit9ScreenPreviewScreenshot > TeamsHabit9ScreenPreviewScreenshot > TeamsHabit9ScreenPreviewScreenshot_Foldable_Dark_Font100_{device=spec:width=701dp,height=841dp,dpi=420, fontScale=1.0, uiMode=32} FAILED
    com.android.tools.screenshot.ScreenshotRenderException

com.example.scale.teams.ScreenshotTestKt > TeamsHabit9ScreenPreviewScreenshot > TeamsHabit9ScreenPreviewScreenshot > TeamsHabit9ScreenPreviewScreenshot_Foldable_Dark_Font150_{device=spec:width=701dp,height=841dp,dpi=420, fontScale=1.5, uiMode=32} FAILED
    com.android.tools.screenshot.ScreenshotRenderException

com.example.scale.teams.ScreenshotTestKt > TeamsHabit9ScreenPreviewScreenshot > TeamsHabit9ScreenPreviewScreenshot > TeamsHabit9ScreenPreviewScreenshot_Foldable_Dark_Font200_{device=spec:width=701dp,height=841dp,dpi=420, fontScale=2.0, uiMode=32} FAILED
    com.android.tools.screenshot.ScreenshotRenderException

com.example.scale.teams.ScreenshotTestKt > TeamsHabit9ScreenPreviewScreenshot > TeamsHabit9ScreenPreviewScreenshot > TeamsHabit9ScreenPreviewScreenshot_Tablet_Light_Font100_{device=spec:width=1280dp,height=800dp,dpi=320, fontScale=1.0, uiMode=16} FAILED
    com.android.tools.screenshot.ScreenshotRenderException

com.example.scale.teams.ScreenshotTestKt > TeamsHabit9ScreenPreviewScreenshot > TeamsHabit9ScreenPreviewScreenshot > TeamsHabit9ScreenPreviewScreenshot_Tablet_Light_Font150_{device=spec:width=1280dp,height=800dp,dpi=320, fontScale=1.5, uiMode=16} FAILED
    com.android.tools.screenshot.ScreenshotRenderException

com.example.scale.teams.ScreenshotTestKt > TeamsHabit9ScreenPreviewScreenshot > TeamsHabit9ScreenPreviewScreenshot > TeamsHabit9ScreenPreviewScreenshot_Tablet_Light_Font200_{device=spec:width=1280dp,height=800dp,dpi=320, fontScale=2.0, uiMode=16} FAILED
    com.android.tools.screenshot.ScreenshotRenderException

com.example.scale.teams.ScreenshotTestKt > TeamsHabit9ScreenPreviewScreenshot > TeamsHabit9ScreenPreviewScreenshot > TeamsHabit9ScreenPreviewScreenshot_Tablet_Dark_Font100_{device=spec:width=1280dp,height=800dp,dpi=320, fontScale=1.0, uiMode=32} FAILED
    com.android.tools.screenshot.ScreenshotRenderException

com.example.scale.teams.ScreenshotTestKt > TeamsHabit9ScreenPreviewScreenshot > TeamsHabit9ScreenPreviewScreenshot > TeamsHabit9ScreenPreviewScreenshot_Tablet_Dark_Font150_{device=spec:width=1280dp,height=800dp,dpi=320, fontScale=1.5, uiMode=32} FAILED
    com.android.tools.screenshot.ScreenshotRenderException


Exception: java.lang.OutOfMemoryError thrown from the UncaughtExceptionHandler in thread "ApplicationImpl pooled thread 5"

> Task :feature-travel:updateDebugScreenshotTest

com.example.scale.travel.ScreenshotTestKt > TravelAlbum11ScreenPreviewScreenshot > TravelAlbum11ScreenPreviewScreenshot > TravelAlbum11ScreenPreviewScreenshot_Phone_Dark_Font150_{device=spec:width=411dp,height=923dp,dpi=420, fontScale=1.5, uiMode=32} FAILED
    com.android.tools.screenshot.ScreenshotRenderException

com.example.scale.travel.ScreenshotTestKt > TravelAlbum11ScreenPreviewScreenshot > TravelAlbum11ScreenPreviewScreenshot > TravelAlbum11ScreenPreviewScreenshot_Phone_Dark_Font200_{device=spec:width=411dp,height=923dp,dpi=420, fontScale=2.0, uiMode=32} FAILED
    com.android.tools.screenshot.ScreenshotRenderException

com.example.scale.travel.ScreenshotTestKt > TravelAlbum11ScreenPreviewScreenshot > TravelAlbum11ScreenPreviewScreenshot STANDARD_ERROR
    java.lang.OutOfMemoryError: Java heap space

com.example.scale.travel.ScreenshotTestKt > TravelAlbum11ScreenPreviewScreenshot > TravelAlbum11ScreenPreviewScreenshot > TravelAlbum11ScreenPreviewScreenshot_Foldable_Light_Font100_{device=spec:width=701dp,height=841dp,dpi=420, fontScale=1.0, uiMode=16} FAILED
    com.android.tools.screenshot.ScreenshotRenderException

com.example.scale.travel.ScreenshotTestKt > TravelAlbum11ScreenPreviewScreenshot > TravelAlbum11ScreenPreviewScreenshot STANDARD_ERROR
    java.lang.OutOfMemoryError: Java heap space

com.example.scale.travel.ScreenshotTestKt > TravelAlbum11ScreenPreviewScreenshot > TravelAlbum11ScreenPreviewScreenshot > TravelAlbum11ScreenPreviewScreenshot_Foldable_Light_Font150_{device=spec:width=701dp,height=841dp,dpi=420, fontScale=1.5, uiMode=16} FAILED
    com.android.tools.screenshot.ScreenshotRenderException

com.example.scale.travel.ScreenshotTestKt > TravelAlbum11ScreenPreviewScreenshot > TravelAlbum11ScreenPreviewScreenshot STANDARD_ERROR
    java.lang.OutOfMemoryError: Java heap space

com.example.scale.travel.ScreenshotTestKt > TravelAlbum11ScreenPreviewScreenshot > TravelAlbum11ScreenPreviewScreenshot > TravelAlbum11ScreenPreviewScreenshot_Foldable_Light_Font200_{device=spec:width=701dp,height=841dp,dpi=420, fontScale=2.0, uiMode=16} FAILED
    com.android.tools.screenshot.ScreenshotRenderException

com.example.scale.travel.ScreenshotTestKt > TravelAlbum11ScreenPreviewScreenshot > TravelAlbum11ScreenPreviewScreenshot STANDARD_ERROR
    java.lang.OutOfMemoryError: Java heap space

com.example.scale.travel.ScreenshotTestKt > TravelAlbum11ScreenPreviewScreenshot > TravelAlbum11ScreenPreviewScreenshot > TravelAlbum11ScreenPreviewScreenshot_Foldable_Dark_Font100_{device=spec:width=701dp,height=841dp,dpi=420, fontScale=1.0, uiMode=32} FAILED
    com.android.tools.screenshot.ScreenshotRenderException

com.example.scale.travel.ScreenshotTestKt > TravelAlbum11ScreenPreviewScreenshot > TravelAlbum11ScreenPreviewScreenshot STANDARD_ERROR
    java.lang.OutOfMemoryError: Java heap space

com.example.scale.travel.ScreenshotTestKt > TravelAlbum11ScreenPreviewScreenshot > TravelAlbum11ScreenPreviewScreenshot > TravelAlbum11ScreenPreviewScreenshot_Foldable_Dark_Font150_{device=spec:width=701dp,height=841dp,dpi=420, fontScale=1.5, uiMode=32} FAILED
    com.android.tools.screenshot.ScreenshotRenderException

com.example.scale.travel.ScreenshotTestKt > TravelAlbum11ScreenPreviewScreenshot > TravelAlbum11ScreenPreviewScreenshot STANDARD_ERROR
    java.lang.OutOfMemoryError: Java heap space

com.example.scale.travel.ScreenshotTestKt > TravelAlbum11ScreenPreviewScreenshot > TravelAlbum11ScreenPreviewScreenshot > TravelAlbum11ScreenPreviewScreenshot_Foldable_Dark_Font200_{device=spec:width=701dp,height=841dp,dpi=420, fontScale=2.0, uiMode=32} FAILED
    com.android.tools.screenshot.ScreenshotRenderException

com.example.scale.travel.ScreenshotTestKt > TravelAlbum11ScreenPreviewScreenshot > TravelAlbum11ScreenPreviewScreenshot STANDARD_ERROR
    java.lang.OutOfMemoryError: Java heap space

com.example.scale.travel.ScreenshotTestKt > TravelAlbum11ScreenPreviewScreenshot > TravelAlbum11ScreenPreviewScreenshot > TravelAlbum11ScreenPreviewScreenshot_Tablet_Light_Font100_{device=spec:width=1280dp,height=800dp,dpi=320, fontScale=1.0, uiMode=16} FAILED
    com.android.tools.screenshot.ScreenshotRenderException

com.example.scale.travel.ScreenshotTestKt > TravelAlbum11ScreenPreviewScreenshot > TravelAlbum11ScreenPreviewScreenshot STANDARD_ERROR
    java.lang.OutOfMemoryError: Java heap space

com.example.scale.travel.ScreenshotTestKt > TravelAlbum11ScreenPreviewScreenshot > TravelAlbum11ScreenPreviewScreenshot > TravelAlbum11ScreenPreviewScreenshot_Tablet_Light_Font150_{device=spec:width=1280dp,height=800dp,dpi=320, fontScale=1.5, uiMode=16} FAILED
    com.android.tools.screenshot.ScreenshotRenderException

com.example.scale.travel.ScreenshotTestKt > TravelAlbum11ScreenPreviewScreenshot > TravelAlbum11ScreenPreviewScreenshot STANDARD_ERROR
    java.lang.OutOfMemoryError: Java heap space

com.example.scale.travel.ScreenshotTestKt > TravelAlbum11ScreenPreviewScreenshot > TravelAlbum11ScreenPreviewScreenshot > TravelAlbum11ScreenPreviewScreenshot_Tablet_Light_Font200_{device=spec:width=1280dp,height=800dp,dpi=320, fontScale=2.0, uiMode=16} FAILED
    com.android.tools.screenshot.ScreenshotRenderException

com.example.scale.travel.ScreenshotTestKt > TravelAlbum11ScreenPreviewScreenshot > TravelAlbum11ScreenPreviewScreenshot STANDARD_ERROR
    java.lang.OutOfMemoryError: Java heap space

com.example.scale.travel.ScreenshotTestKt > TravelAlbum11ScreenPreviewScreenshot > TravelAlbum11ScreenPreviewScreenshot > TravelAlbum11ScreenPreviewScreenshot_Tablet_Dark_Font100_{device=spec:width=1280dp,height=800dp,dpi=320, fontScale=1.0, uiMode=32} FAILED
    com.android.tools.screenshot.ScreenshotRenderException

com.example.scale.travel.ScreenshotTestKt > TravelAlbum11ScreenPreviewScreenshot > TravelAlbum11ScreenPreviewScreenshot STANDARD_ERROR
    java.lang.OutOfMemoryError: Java heap space

com.example.scale.travel.ScreenshotTestKt > TravelAlbum11ScreenPreviewScreenshot > TravelAlbum11ScreenPreviewScreenshot > TravelAlbum11ScreenPreviewScreenshot_Tablet_Dark_Font150_{device=spec:width=1280dp,height=800dp,dpi=320, fontScale=1.5, uiMode=32} FAILED
    com.android.tools.screenshot.ScreenshotRenderException

> Task :feature-teams:updateDebugScreenshotTest

com.example.scale.teams.ScreenshotTestKt > TeamsHabit9ScreenPreviewScreenshot > TeamsHabit9ScreenPreviewScreenshot > TeamsHabit9ScreenPreviewScreenshot_Tablet_Dark_Font200_{device=spec:width=1280dp,height=800dp,dpi=320, fontScale=2.0, uiMode=32} FAILED
    com.android.tools.screenshot.ScreenshotRenderException

com.example.scale.teams.ScreenshotTestKt > TeamsHabit9ScreenPreviewScreenshot > TeamsHabit9ScreenPreviewScreenshot > TeamsHabit9ScreenPreviewScreenshot_Landscape_Light_Font100_{device=spec:width=923dp,height=411dp,dpi=420, fontScale=1.0, uiMode=16} FAILED
    com.android.tools.screenshot.ScreenshotRenderException

com.example.scale.teams.ScreenshotTestKt > TeamsHabit9ScreenPreviewScreenshot > TeamsHabit9ScreenPreviewScreenshot > TeamsHabit9ScreenPreviewScreenshot_Landscape_Light_Font150_{device=spec:width=923dp,height=411dp,dpi=420, fontScale=1.5, uiMode=16} FAILED
    com.android.tools.screenshot.ScreenshotRenderException

com.example.scale.teams.ScreenshotTestKt > TeamsHabit9ScreenPreviewScreenshot > TeamsHabit9ScreenPreviewScreenshot > TeamsHabit9ScreenPreviewScreenshot_Landscape_Light_Font200_{device=spec:width=923dp,height=411dp,dpi=420, fontScale=2.0, uiMode=16} FAILED
    com.android.tools.screenshot.ScreenshotRenderException

com.example.scale.teams.ScreenshotTestKt > TeamsHabit9ScreenPreviewScreenshot > TeamsHabit9ScreenPreviewScreenshot > TeamsHabit9ScreenPreviewScreenshot_Landscape_Dark_Font100_{device=spec:width=923dp,height=411dp,dpi=420, fontScale=1.0, uiMode=32} FAILED
    com.android.tools.screenshot.ScreenshotRenderException


Exception: java.lang.OutOfMemoryError thrown from the UncaughtExceptionHandler in thread "ApplicationImpl pooled thread 3"

> Task :feature-teams:updateDebugScreenshotTest

com.example.scale.teams.ScreenshotTestKt > TeamsHabit9ScreenPreviewScreenshot > TeamsHabit9ScreenPreviewScreenshot > TeamsHabit9ScreenPreviewScreenshot_Landscape_Dark_Font150_{device=spec:width=923dp,height=411dp,dpi=420, fontScale=1.5, uiMode=32} FAILED
    com.android.tools.screenshot.ScreenshotRenderException

com.example.scale.teams.ScreenshotTestKt > TeamsHabit9ScreenPreviewScreenshot > TeamsHabit9ScreenPreviewScreenshot > TeamsHabit9ScreenPreviewScreenshot_Landscape_Dark_Font200_{device=spec:width=923dp,height=411dp,dpi=420, fontScale=2.0, uiMode=32} FAILED
    com.android.tools.screenshot.ScreenshotRenderException

312 tests completed, 38 failed

> Task :feature-teams:updateDebugScreenshotTest FAILED

Exception: java.lang.OutOfMemoryError thrown from the UncaughtExceptionHandler in thread "ApplicationImpl pooled thread 1"

Exception: java.lang.OutOfMemoryError thrown from the UncaughtExceptionHandler in thread "ApplicationImpl pooled thread 2"

Exception: java.lang.OutOfMemoryError thrown from the UncaughtExceptionHandler in thread "ApplicationImpl pooled thread 1"

> Task :feature-profile:updateDebugScreenshotTest

com.example.scale.profile.ScreenshotTestKt > ProfileDevice9ScreenPreviewScreenshot > ProfileDevice9ScreenPreviewScreenshot > ProfileDevice9ScreenPreviewScreenshot_Tablet_Dark_Font150_{device=spec:width=1280dp,height=800dp,dpi=320, fontScale=1.5, uiMode=32} FAILED
    com.android.tools.screenshot.ScreenshotRenderException

> Task :feature-search:updateDebugScreenshotTest

com.example.scale.search.ScreenshotTestKt > SearchAlbum10ScreenPreviewScreenshot > SearchAlbum10ScreenPreviewScreenshot > SearchAlbum10ScreenPreviewScreenshot_Tablet_Light_Font100_{device=spec:width=1280dp,height=800dp,dpi=320, fontScale=1.0, uiMode=16} FAILED
    com.android.tools.screenshot.ScreenshotRenderException

com.example.scale.search.ScreenshotTestKt > SearchAlbum10ScreenPreviewScreenshot > SearchAlbum10ScreenPreviewScreenshot > SearchAlbum10ScreenPreviewScreenshot_Tablet_Light_Font150_{device=spec:width=1280dp,height=800dp,dpi=320, fontScale=1.5, uiMode=16} FAILED
    com.android.tools.screenshot.ScreenshotRenderException

> Task :feature-profile:updateDebugScreenshotTest

com.example.scale.profile.ScreenshotTestKt > ProfileDevice9ScreenPreviewScreenshot > ProfileDevice9ScreenPreviewScreenshot > ProfileDevice9ScreenPreviewScreenshot_Tablet_Dark_Font200_{device=spec:width=1280dp,height=800dp,dpi=320, fontScale=2.0, uiMode=32} FAILED
    com.android.tools.screenshot.ScreenshotRenderException

> Task :feature-search:updateDebugScreenshotTest

com.example.scale.search.ScreenshotTestKt > SearchAlbum10ScreenPreviewScreenshot > SearchAlbum10ScreenPreviewScreenshot > SearchAlbum10ScreenPreviewScreenshot_Tablet_Light_Font200_{device=spec:width=1280dp,height=800dp,dpi=320, fontScale=2.0, uiMode=16} FAILED
    com.android.tools.screenshot.ScreenshotRenderException

com.example.scale.search.ScreenshotTestKt > SearchAlbum10ScreenPreviewScreenshot > SearchAlbum10ScreenPreviewScreenshot > SearchAlbum10ScreenPreviewScreenshot_Tablet_Dark_Font100_{device=spec:width=1280dp,height=800dp,dpi=320, fontScale=1.0, uiMode=32} FAILED
    com.android.tools.screenshot.ScreenshotRenderException


Exception: java.lang.OutOfMemoryError thrown from the UncaughtExceptionHandler in thread "/127.0.0.1:54201 to /127.0.0.1:54200 workers Thread 2"

> Task :feature-search:updateDebugScreenshotTest

com.example.scale.search.ScreenshotTestKt > SearchAlbum10ScreenPreviewScreenshot > SearchAlbum10ScreenPreviewScreenshot > SearchAlbum10ScreenPreviewScreenshot_Tablet_Dark_Font150_{device=spec:width=1280dp,height=800dp,dpi=320, fontScale=1.5, uiMode=32} FAILED
    com.android.tools.screenshot.ScreenshotRenderException

com.example.scale.search.ScreenshotTestKt > SearchAlbum10ScreenPreviewScreenshot > SearchAlbum10ScreenPreviewScreenshot > SearchAlbum10ScreenPreviewScreenshot_Tablet_Dark_Font200_{device=spec:width=1280dp,height=800dp,dpi=320, fontScale=2.0, uiMode=32} FAILED
    com.android.tools.screenshot.ScreenshotRenderException

com.example.scale.search.ScreenshotTestKt > SearchAlbum10ScreenPreviewScreenshot > SearchAlbum10ScreenPreviewScreenshot > SearchAlbum10ScreenPreviewScreenshot_Landscape_Light_Font100_{device=spec:width=923dp,height=411dp,dpi=420, fontScale=1.0, uiMode=16} FAILED
    com.android.tools.screenshot.ScreenshotRenderException

com.example.scale.search.ScreenshotTestKt > SearchAlbum10ScreenPreviewScreenshot > SearchAlbum10ScreenPreviewScreenshot > SearchAlbum10ScreenPreviewScreenshot_Landscape_Light_Font150_{device=spec:width=923dp,height=411dp,dpi=420, fontScale=1.5, uiMode=16} FAILED
    com.android.tools.screenshot.ScreenshotRenderException

com.example.scale.search.ScreenshotTestKt > SearchAlbum10ScreenPreviewScreenshot > SearchAlbum10ScreenPreviewScreenshot > SearchAlbum10ScreenPreviewScreenshot_Landscape_Light_Font200_{device=spec:width=923dp,height=411dp,dpi=420, fontScale=2.0, uiMode=16} FAILED
    com.android.tools.screenshot.ScreenshotRenderException

com.example.scale.search.ScreenshotTestKt > SearchAlbum10ScreenPreviewScreenshot > SearchAlbum10ScreenPreviewScreenshot > SearchAlbum10ScreenPreviewScreenshot_Landscape_Dark_Font100_{device=spec:width=923dp,height=411dp,dpi=420, fontScale=1.0, uiMode=32} FAILED
    com.android.tools.screenshot.ScreenshotRenderException

com.example.scale.search.ScreenshotTestKt > SearchAlbum10ScreenPreviewScreenshot > SearchAlbum10ScreenPreviewScreenshot > SearchAlbum10ScreenPreviewScreenshot_Landscape_Dark_Font150_{device=spec:width=923dp,height=411dp,dpi=420, fontScale=1.5, uiMode=32} FAILED
    com.android.tools.screenshot.ScreenshotRenderException

com.example.scale.search.ScreenshotTestKt > SearchAlbum10ScreenPreviewScreenshot > SearchAlbum10ScreenPreviewScreenshot > SearchAlbum10ScreenPreviewScreenshot_Landscape_Dark_Font200_{device=spec:width=923dp,height=411dp,dpi=420, fontScale=2.0, uiMode=32} FAILED
    com.android.tools.screenshot.ScreenshotRenderException

com.example.scale.search.ScreenshotTestKt > SearchBudget12ScreenPreviewScreenshot > SearchBudget12ScreenPreviewScreenshot > SearchBudget12ScreenPreviewScreenshot_Phone_Light_Font100_{device=spec:width=411dp,height=923dp,dpi=420, fontScale=1.0, uiMode=16} FAILED
    com.android.tools.screenshot.ScreenshotRenderException

com.example.scale.search.ScreenshotTestKt > SearchBudget12ScreenPreviewScreenshot > SearchBudget12ScreenPreviewScreenshot > SearchBudget12ScreenPreviewScreenshot_Phone_Light_Font150_{device=spec:width=411dp,height=923dp,dpi=420, fontScale=1.5, uiMode=16} FAILED
    com.android.tools.screenshot.ScreenshotRenderException

com.example.scale.search.ScreenshotTestKt > SearchBudget12ScreenPreviewScreenshot > SearchBudget12ScreenPreviewScreenshot > SearchBudget12ScreenPreviewScreenshot_Phone_Light_Font200_{device=spec:width=411dp,height=923dp,dpi=420, fontScale=2.0, uiMode=16} FAILED
    com.android.tools.screenshot.ScreenshotRenderException

com.example.scale.search.ScreenshotTestKt > SearchBudget12ScreenPreviewScreenshot > SearchBudget12ScreenPreviewScreenshot > SearchBudget12ScreenPreviewScreenshot_Phone_Dark_Font100_{device=spec:width=411dp,height=923dp,dpi=420, fontScale=1.0, uiMode=32} FAILED
    com.android.tools.screenshot.ScreenshotRenderException

com.example.scale.search.ScreenshotTestKt > SearchBudget12ScreenPreviewScreenshot > SearchBudget12ScreenPreviewScreenshot > SearchBudget12ScreenPreviewScreenshot_Phone_Dark_Font150_{device=spec:width=411dp,height=923dp,dpi=420, fontScale=1.5, uiMode=32} FAILED
    com.android.tools.screenshot.ScreenshotRenderException

com.example.scale.search.ScreenshotTestKt > SearchBudget12ScreenPreviewScreenshot > SearchBudget12ScreenPreviewScreenshot > SearchBudget12ScreenPreviewScreenshot_Phone_Dark_Font200_{device=spec:width=411dp,height=923dp,dpi=420, fontScale=2.0, uiMode=32} FAILED
    com.android.tools.screenshot.ScreenshotRenderException

com.example.scale.search.ScreenshotTestKt > SearchBudget12ScreenPreviewScreenshot > SearchBudget12ScreenPreviewScreenshot > SearchBudget12ScreenPreviewScreenshot_Foldable_Light_Font100_{device=spec:width=701dp,height=841dp,dpi=420, fontScale=1.0, uiMode=16} FAILED
    com.android.tools.screenshot.ScreenshotRenderException

com.example.scale.search.ScreenshotTestKt > SearchBudget12ScreenPreviewScreenshot > SearchBudget12ScreenPreviewScreenshot > SearchBudget12ScreenPreviewScreenshot_Foldable_Light_Font150_{device=spec:width=701dp,height=841dp,dpi=420, fontScale=1.5, uiMode=16} FAILED
    com.android.tools.screenshot.ScreenshotRenderException

com.example.scale.search.ScreenshotTestKt > SearchBudget12ScreenPreviewScreenshot > SearchBudget12ScreenPreviewScreenshot > SearchBudget12ScreenPreviewScreenshot_Foldable_Light_Font200_{device=spec:width=701dp,height=841dp,dpi=420, fontScale=2.0, uiMode=16} FAILED
    com.android.tools.screenshot.ScreenshotRenderException

com.example.scale.search.ScreenshotTestKt > SearchBudget12ScreenPreviewScreenshot > SearchBudget12ScreenPreviewScreenshot > SearchBudget12ScreenPreviewScreenshot_Foldable_Dark_Font100_{device=spec:width=701dp,height=841dp,dpi=420, fontScale=1.0, uiMode=32} FAILED
    com.android.tools.screenshot.ScreenshotRenderException

com.example.scale.search.ScreenshotTestKt > SearchBudget12ScreenPreviewScreenshot > SearchBudget12ScreenPreviewScreenshot > SearchBudget12ScreenPreviewScreenshot_Foldable_Dark_Font150_{device=spec:width=701dp,height=841dp,dpi=420, fontScale=1.5, uiMode=32} FAILED
    com.android.tools.screenshot.ScreenshotRenderException

com.example.scale.search.ScreenshotTestKt > SearchBudget12ScreenPreviewScreenshot > SearchBudget12ScreenPreviewScreenshot > SearchBudget12ScreenPreviewScreenshot_Foldable_Dark_Font200_{device=spec:width=701dp,height=841dp,dpi=420, fontScale=2.0, uiMode=32} FAILED
    com.android.tools.screenshot.ScreenshotRenderException

com.example.scale.search.ScreenshotTestKt > SearchBudget12ScreenPreviewScreenshot > SearchBudget12ScreenPreviewScreenshot > SearchBudget12ScreenPreviewScreenshot_Tablet_Light_Font100_{device=spec:width=1280dp,height=800dp,dpi=320, fontScale=1.0, uiMode=16} FAILED
    com.android.tools.screenshot.ScreenshotRenderException

com.example.scale.search.ScreenshotTestKt > SearchBudget12ScreenPreviewScreenshot > SearchBudget12ScreenPreviewScreenshot > SearchBudget12ScreenPreviewScreenshot_Tablet_Light_Font150_{device=spec:width=1280dp,height=800dp,dpi=320, fontScale=1.5, uiMode=16} FAILED
    com.android.tools.screenshot.ScreenshotRenderException

com.example.scale.search.ScreenshotTestKt > SearchBudget12ScreenPreviewScreenshot > SearchBudget12ScreenPreviewScreenshot > SearchBudget12ScreenPreviewScreenshot_Tablet_Light_Font200_{device=spec:width=1280dp,height=800dp,dpi=320, fontScale=2.0, uiMode=16} FAILED
    com.android.tools.screenshot.ScreenshotRenderException


Exception: java.lang.OutOfMemoryError thrown from the UncaughtExceptionHandler in thread "ApplicationImpl pooled thread 16"

> Task :feature-search:updateDebugScreenshotTest

com.example.scale.search.ScreenshotTestKt > SearchBudget12ScreenPreviewScreenshot > SearchBudget12ScreenPreviewScreenshot > SearchBudget12ScreenPreviewScreenshot_Tablet_Dark_Font100_{device=spec:width=1280dp,height=800dp,dpi=320, fontScale=1.0, uiMode=32} FAILED
    com.android.tools.screenshot.ScreenshotRenderException

com.example.scale.search.ScreenshotTestKt > SearchBudget12ScreenPreviewScreenshot > SearchBudget12ScreenPreviewScreenshot > SearchBudget12ScreenPreviewScreenshot_Tablet_Dark_Font150_{device=spec:width=1280dp,height=800dp,dpi=320, fontScale=1.5, uiMode=32} FAILED
    com.android.tools.screenshot.ScreenshotRenderException

com.example.scale.search.ScreenshotTestKt > SearchBudget12ScreenPreviewScreenshot > SearchBudget12ScreenPreviewScreenshot > SearchBudget12ScreenPreviewScreenshot_Tablet_Dark_Font200_{device=spec:width=1280dp,height=800dp,dpi=320, fontScale=2.0, uiMode=32} FAILED
    com.android.tools.screenshot.ScreenshotRenderException

com.example.scale.search.ScreenshotTestKt > SearchBudget12ScreenPreviewScreenshot > SearchBudget12ScreenPreviewScreenshot > SearchBudget12ScreenPreviewScreenshot_Landscape_Light_Font100_{device=spec:width=923dp,height=411dp,dpi=420, fontScale=1.0, uiMode=16} FAILED
    com.android.tools.screenshot.ScreenshotRenderException

com.example.scale.search.ScreenshotTestKt > SearchBudget12ScreenPreviewScreenshot > SearchBudget12ScreenPreviewScreenshot > SearchBudget12ScreenPreviewScreenshot_Landscape_Light_Font150_{device=spec:width=923dp,height=411dp,dpi=420, fontScale=1.5, uiMode=16} FAILED
    com.android.tools.screenshot.ScreenshotRenderException

com.example.scale.search.ScreenshotTestKt > SearchBudget12ScreenPreviewScreenshot > SearchBudget12ScreenPreviewScreenshot > SearchBudget12ScreenPreviewScreenshot_Landscape_Light_Font200_{device=spec:width=923dp,height=411dp,dpi=420, fontScale=2.0, uiMode=16} FAILED
    com.android.tools.screenshot.ScreenshotRenderException

com.example.scale.search.ScreenshotTestKt > SearchBudget12ScreenPreviewScreenshot > SearchBudget12ScreenPreviewScreenshot > SearchBudget12ScreenPreviewScreenshot_Landscape_Dark_Font100_{device=spec:width=923dp,height=411dp,dpi=420, fontScale=1.0, uiMode=32} FAILED
    com.android.tools.screenshot.ScreenshotRenderException

com.example.scale.search.ScreenshotTestKt > SearchBudget12ScreenPreviewScreenshot > SearchBudget12ScreenPreviewScreenshot > SearchBudget12ScreenPreviewScreenshot_Landscape_Dark_Font150_{device=spec:width=923dp,height=411dp,dpi=420, fontScale=1.5, uiMode=32} FAILED
    com.android.tools.screenshot.ScreenshotRenderException

com.example.scale.search.ScreenshotTestKt > SearchBudget12ScreenPreviewScreenshot > SearchBudget12ScreenPreviewScreenshot > SearchBudget12ScreenPreviewScreenshot_Landscape_Dark_Font200_{device=spec:width=923dp,height=411dp,dpi=420, fontScale=2.0, uiMode=32} FAILED
    com.android.tools.screenshot.ScreenshotRenderException

312 tests completed, 60 failed

> Task :feature-search:updateDebugScreenshotTest FAILED

> Task :feature-profile:updateDebugScreenshotTest

Gradle Test Run :feature-profile:updateDebugScreenshotTest FAILED
    org.gradle.process.ProcessExecutionException at DefaultExecHandle.java:460

283 tests completed, 15 failed, 1 skipped

> Task :feature-travel:updateDebugScreenshotTest

Gradle Test Run :feature-travel:updateDebugScreenshotTest FAILED
    org.gradle.process.ProcessExecutionException at DefaultExecHandle.java:460

281 tests completed, 19 failed

> Task :feature-travel:updateDebugScreenshotTest FAILED
> Task :feature-profile:updateDebugScreenshotTest FAILED

FAILURE: Build failed with an exception.

* What went wrong:
Gradle build daemon has been stopped: stop command received

* Try:
> Run with --stacktrace option to get the stack trace.
> Run with --info or --debug option to get more log output.
> Run with --scan to get full insights from a Build Scan (powered by Develocity).
> Get more help at https://help.gradle.org.
